email,name,gender,age,birthday,shopify_id,first_name,last_name,currency,last_order_id,last_order_name,orders_count,total_spent,phone,account_state,tags,address1,address2,city,company,country,country_code,country_name,state,postal_code,state_code,created_at,designation,industry,description,anniversary_date,added_at,updated_at,source,last_open,last_click,timezone,email_marketing_consent,sms_marketing_consent,firstOrderDate
ashwin++1@mailmodo.com,AB+1,,,,,,,,,,,,,,,,,,,,,,,,,,,,,,,,,,,,,,
ashwin++2@mailmodo.com,AB+2,,,,,,,,,,,,,,,,,,,,,,,,,,,,,,,,,,,,,,
ashwin++3@mailmodo.com,AB+3,,,,,,,,,,,,,,,,,,,,,,,,,,,,,,,,,,,,,,
ashwin++4@mailmodo.com,AB+4,,,,,,,,,,,,,,,,,,,,,,,,,,,,,,,,,,,,,,
ashwin++5@mailmodo.com,AB+5,,,,,,,,,,,,,,,,,,,,,,,,,,,,,,,,,,,,,,
ashwin++6@mailmodo.com,AB+6,,,,,,,,,,,,,,,,,,,,,,,,,,,,,,,,,,,,,,
ashwin++7@mailmodo.com,AB+7,,,,,,,,,,,,,,,,,,,,,,,,,,,,,,,,,,,,,,
ashwin++8@mailmodo.com,AB+8,,,,,,,,,,,,,,,,,,,,,,,,,,,,,,,,,,,,,,
ashwin++9@mailmodo.com,AB+9,,,,,,,,,,,,,,,,,,,,,,,,,,,,,,,,,,,,,,
ashwin++10@mailmodo.com,AB+10,,,,,,,,,,,,,,,,,,,,,,,,,,,,,,,,,,,,,,
ashwin++11@mailmodo.com,AB+11,,,,,,,,,,,,,,,,,,,,,,,,,,,,,,,,,,,,,,
ashwin++12@mailmodo.com,AB+12,,,,,,,,,,,,,,,,,,,,,,,,,,,,,,,,,,,,,,
ashwin++13@mailmodo.com,AB+13,,,,,,,,,,,,,,,,,,,,,,,,,,,,,,,,,,,,,,
ashwin++14@mailmodo.com,AB+14,,,,,,,,,,,,,,,,,,,,,,,,,,,,,,,,,,,,,,
ashwin++15@mailmodo.com,AB+15,,,,,,,,,,,,,,,,,,,,,,,,,,,,,,,,,,,,,,
ashwin++16@mailmodo.com,AB+16,,,,,,,,,,,,,,,,,,,,,,,,,,,,,,,,,,,,,,
ashwin++17@mailmodo.com,AB+17,,,,,,,,,,,,,,,,,,,,,,,,,,,,,,,,,,,,,,
ashwin++18@mailmodo.com,AB+18,,,,,,,,,,,,,,,,,,,,,,,,,,,,,,,,,,,,,,
ashwin++19@mailmodo.com,AB+19,,,,,,,,,,,,,,,,,,,,,,,,,,,,,,,,,,,,,,
ashwin++20@mailmodo.com,AB+20,,,,,,,,,,,,,,,,,,,,,,,,,,,,,,,,,,,,,,
ashwin++21@mailmodo.com,AB+21,,,,,,,,,,,,,,,,,,,,,,,,,,,,,,,,,,,,,,
ashwin++22@mailmodo.com,AB+22,,,,,,,,,,,,,,,,,,,,,,,,,,,,,,,,,,,,,,
ashwin++23@mailmodo.com,AB+23,,,,,,,,,,,,,,,,,,,,,,,,,,,,,,,,,,,,,,
ashwin++24@mailmodo.com,AB+24,,,,,,,,,,,,,,,,,,,,,,,,,,,,,,,,,,,,,,
ashwin++25@mailmodo.com,AB+25,,,,,,,,,,,,,,,,,,,,,,,,,,,,,,,,,,,,,,
ashwin++26@mailmodo.com,AB+26,,,,,,,,,,,,,,,,,,,,,,,,,,,,,,,,,,,,,,
ashwin++27@mailmodo.com,AB+27,,,,,,,,,,,,,,,,,,,,,,,,,,,,,,,,,,,,,,
ashwin++28@mailmodo.com,AB+28,,,,,,,,,,,,,,,,,,,,,,,,,,,,,,,,,,,,,,
ashwin++29@mailmodo.com,AB+29,,,,,,,,,,,,,,,,,,,,,,,,,,,,,,,,,,,,,,
ashwin++30@mailmodo.com,AB+30,,,,,,,,,,,,,,,,,,,,,,,,,,,,,,,,,,,,,,
ashwin++31@mailmodo.com,AB+31,,,,,,,,,,,,,,,,,,,,,,,,,,,,,,,,,,,,,,
ashwin++32@mailmodo.com,AB+32,,,,,,,,,,,,,,,,,,,,,,,,,,,,,,,,,,,,,,
ashwin++33@mailmodo.com,AB+33,,,,,,,,,,,,,,,,,,,,,,,,,,,,,,,,,,,,,,
ashwin++34@mailmodo.com,AB+34,,,,,,,,,,,,,,,,,,,,,,,,,,,,,,,,,,,,,,
ashwin++35@mailmodo.com,AB+35,,,,,,,,,,,,,,,,,,,,,,,,,,,,,,,,,,,,,,
ashwin++36@mailmodo.com,AB+36,,,,,,,,,,,,,,,,,,,,,,,,,,,,,,,,,,,,,,
ashwin++37@mailmodo.com,AB+37,,,,,,,,,,,,,,,,,,,,,,,,,,,,,,,,,,,,,,
ashwin++38@mailmodo.com,AB+38,,,,,,,,,,,,,,,,,,,,,,,,,,,,,,,,,,,,,,
ashwin++39@mailmodo.com,AB+39,,,,,,,,,,,,,,,,,,,,,,,,,,,,,,,,,,,,,,
ashwin++40@mailmodo.com,AB+40,,,,,,,,,,,,,,,,,,,,,,,,,,,,,,,,,,,,,,
ashwin++41@mailmodo.com,AB+41,,,,,,,,,,,,,,,,,,,,,,,,,,,,,,,,,,,,,,
ashwin++42@mailmodo.com,AB+42,,,,,,,,,,,,,,,,,,,,,,,,,,,,,,,,,,,,,,
ashwin++43@mailmodo.com,AB+43,,,,,,,,,,,,,,,,,,,,,,,,,,,,,,,,,,,,,,
ashwin++44@mailmodo.com,AB+44,,,,,,,,,,,,,,,,,,,,,,,,,,,,,,,,,,,,,,
ashwin++45@mailmodo.com,AB+45,,,,,,,,,,,,,,,,,,,,,,,,,,,,,,,,,,,,,,
ashwin++46@mailmodo.com,AB+46,,,,,,,,,,,,,,,,,,,,,,,,,,,,,,,,,,,,,,
ashwin++47@mailmodo.com,AB+47,,,,,,,,,,,,,,,,,,,,,,,,,,,,,,,,,,,,,,
ashwin++48@mailmodo.com,AB+48,,,,,,,,,,,,,,,,,,,,,,,,,,,,,,,,,,,,,,
ashwin++49@mailmodo.com,AB+49,,,,,,,,,,,,,,,,,,,,,,,,,,,,,,,,,,,,,,
ashwin++50@mailmodo.com,AB+50,,,,,,,,,,,,,,,,,,,,,,,,,,,,,,,,,,,,,,
ashwin++51@mailmodo.com,AB+51,,,,,,,,,,,,,,,,,,,,,,,,,,,,,,,,,,,,,,
ashwin++52@mailmodo.com,AB+52,,,,,,,,,,,,,,,,,,,,,,,,,,,,,,,,,,,,,,
ashwin++53@mailmodo.com,AB+53,,,,,,,,,,,,,,,,,,,,,,,,,,,,,,,,,,,,,,
ashwin++54@mailmodo.com,AB+54,,,,,,,,,,,,,,,,,,,,,,,,,,,,,,,,,,,,,,
ashwin++55@mailmodo.com,AB+55,,,,,,,,,,,,,,,,,,,,,,,,,,,,,,,,,,,,,,
ashwin++56@mailmodo.com,AB+56,,,,,,,,,,,,,,,,,,,,,,,,,,,,,,,,,,,,,,
ashwin++57@mailmodo.com,AB+57,,,,,,,,,,,,,,,,,,,,,,,,,,,,,,,,,,,,,,
ashwin++58@mailmodo.com,AB+58,,,,,,,,,,,,,,,,,,,,,,,,,,,,,,,,,,,,,,
ashwin++59@mailmodo.com,AB+59,,,,,,,,,,,,,,,,,,,,,,,,,,,,,,,,,,,,,,
ashwin++60@mailmodo.com,AB+60,,,,,,,,,,,,,,,,,,,,,,,,,,,,,,,,,,,,,,
ashwin++61@mailmodo.com,AB+61,,,,,,,,,,,,,,,,,,,,,,,,,,,,,,,,,,,,,,
ashwin++62@mailmodo.com,AB+62,,,,,,,,,,,,,,,,,,,,,,,,,,,,,,,,,,,,,,
ashwin++63@mailmodo.com,AB+63,,,,,,,,,,,,,,,,,,,,,,,,,,,,,,,,,,,,,,
ashwin++64@mailmodo.com,AB+64,,,,,,,,,,,,,,,,,,,,,,,,,,,,,,,,,,,,,,
ashwin++65@mailmodo.com,AB+65,,,,,,,,,,,,,,,,,,,,,,,,,,,,,,,,,,,,,,
ashwin++66@mailmodo.com,AB+66,,,,,,,,,,,,,,,,,,,,,,,,,,,,,,,,,,,,,,
ashwin++67@mailmodo.com,AB+67,,,,,,,,,,,,,,,,,,,,,,,,,,,,,,,,,,,,,,
ashwin++68@mailmodo.com,AB+68,,,,,,,,,,,,,,,,,,,,,,,,,,,,,,,,,,,,,,
ashwin++69@mailmodo.com,AB+69,,,,,,,,,,,,,,,,,,,,,,,,,,,,,,,,,,,,,,
ashwin++70@mailmodo.com,AB+70,,,,,,,,,,,,,,,,,,,,,,,,,,,,,,,,,,,,,,
ashwin++71@mailmodo.com,AB+71,,,,,,,,,,,,,,,,,,,,,,,,,,,,,,,,,,,,,,
ashwin++72@mailmodo.com,AB+72,,,,,,,,,,,,,,,,,,,,,,,,,,,,,,,,,,,,,,
ashwin++73@mailmodo.com,AB+73,,,,,,,,,,,,,,,,,,,,,,,,,,,,,,,,,,,,,,
ashwin++74@mailmodo.com,AB+74,,,,,,,,,,,,,,,,,,,,,,,,,,,,,,,,,,,,,,
ashwin++75@mailmodo.com,AB+75,,,,,,,,,,,,,,,,,,,,,,,,,,,,,,,,,,,,,,
ashwin++76@mailmodo.com,AB+76,,,,,,,,,,,,,,,,,,,,,,,,,,,,,,,,,,,,,,
ashwin++77@mailmodo.com,AB+77,,,,,,,,,,,,,,,,,,,,,,,,,,,,,,,,,,,,,,
ashwin++78@mailmodo.com,AB+78,,,,,,,,,,,,,,,,,,,,,,,,,,,,,,,,,,,,,,
ashwin++79@mailmodo.com,AB+79,,,,,,,,,,,,,,,,,,,,,,,,,,,,,,,,,,,,,,
ashwin++80@mailmodo.com,AB+80,,,,,,,,,,,,,,,,,,,,,,,,,,,,,,,,,,,,,,
ashwin++81@mailmodo.com,AB+81,,,,,,,,,,,,,,,,,,,,,,,,,,,,,,,,,,,,,,
ashwin++82@mailmodo.com,AB+82,,,,,,,,,,,,,,,,,,,,,,,,,,,,,,,,,,,,,,
ashwin++83@mailmodo.com,AB+83,,,,,,,,,,,,,,,,,,,,,,,,,,,,,,,,,,,,,,
ashwin++84@mailmodo.com,AB+84,,,,,,,,,,,,,,,,,,,,,,,,,,,,,,,,,,,,,,
ashwin++85@mailmodo.com,AB+85,,,,,,,,,,,,,,,,,,,,,,,,,,,,,,,,,,,,,,
ashwin++86@mailmodo.com,AB+86,,,,,,,,,,,,,,,,,,,,,,,,,,,,,,,,,,,,,,
ashwin++87@mailmodo.com,AB+87,,,,,,,,,,,,,,,,,,,,,,,,,,,,,,,,,,,,,,
ashwin++88@mailmodo.com,AB+88,,,,,,,,,,,,,,,,,,,,,,,,,,,,,,,,,,,,,,
ashwin++89@mailmodo.com,AB+89,,,,,,,,,,,,,,,,,,,,,,,,,,,,,,,,,,,,,,
ashwin++90@mailmodo.com,AB+90,,,,,,,,,,,,,,,,,,,,,,,,,,,,,,,,,,,,,,
ashwin++91@mailmodo.com,AB+91,,,,,,,,,,,,,,,,,,,,,,,,,,,,,,,,,,,,,,
ashwin++92@mailmodo.com,AB+92,,,,,,,,,,,,,,,,,,,,,,,,,,,,,,,,,,,,,,
ashwin++93@mailmodo.com,AB+93,,,,,,,,,,,,,,,,,,,,,,,,,,,,,,,,,,,,,,
ashwin++94@mailmodo.com,AB+94,,,,,,,,,,,,,,,,,,,,,,,,,,,,,,,,,,,,,,
ashwin++95@mailmodo.com,AB+95,,,,,,,,,,,,,,,,,,,,,,,,,,,,,,,,,,,,,,
ashwin++96@mailmodo.com,AB+96,,,,,,,,,,,,,,,,,,,,,,,,,,,,,,,,,,,,,,
ashwin++97@mailmodo.com,AB+97,,,,,,,,,,,,,,,,,,,,,,,,,,,,,,,,,,,,,,
ashwin++98@mailmodo.com,AB+98,,,,,,,,,,,,,,,,,,,,,,,,,,,,,,,,,,,,,,
ashwin++99@mailmodo.com,AB+99,,,,,,,,,,,,,,,,,,,,,,,,,,,,,,,,,,,,,,
ashwin++100@mailmodo.com,AB+100,,,,,,,,,,,,,,,,,,,,,,,,,,,,,,,,,,,,,,
ashwin++101@mailmodo.com,AB+101,,,,,,,,,,,,,,,,,,,,,,,,,,,,,,,,,,,,,,
ashwin++102@mailmodo.com,AB+102,,,,,,,,,,,,,,,,,,,,,,,,,,,,,,,,,,,,,,
ashwin++103@mailmodo.com,AB+103,,,,,,,,,,,,,,,,,,,,,,,,,,,,,,,,,,,,,,
ashwin++104@mailmodo.com,AB+104,,,,,,,,,,,,,,,,,,,,,,,,,,,,,,,,,,,,,,
ashwin++105@mailmodo.com,AB+105,,,,,,,,,,,,,,,,,,,,,,,,,,,,,,,,,,,,,,
ashwin++106@mailmodo.com,AB+106,,,,,,,,,,,,,,,,,,,,,,,,,,,,,,,,,,,,,,
ashwin++107@mailmodo.com,AB+107,,,,,,,,,,,,,,,,,,,,,,,,,,,,,,,,,,,,,,
ashwin++108@mailmodo.com,AB+108,,,,,,,,,,,,,,,,,,,,,,,,,,,,,,,,,,,,,,
ashwin++109@mailmodo.com,AB+109,,,,,,,,,,,,,,,,,,,,,,,,,,,,,,,,,,,,,,
ashwin++110@mailmodo.com,AB+110,,,,,,,,,,,,,,,,,,,,,,,,,,,,,,,,,,,,,,
ashwin++111@mailmodo.com,AB+111,,,,,,,,,,,,,,,,,,,,,,,,,,,,,,,,,,,,,,
ashwin++112@mailmodo.com,AB+112,,,,,,,,,,,,,,,,,,,,,,,,,,,,,,,,,,,,,,
ashwin++113@mailmodo.com,AB+113,,,,,,,,,,,,,,,,,,,,,,,,,,,,,,,,,,,,,,
ashwin++114@mailmodo.com,AB+114,,,,,,,,,,,,,,,,,,,,,,,,,,,,,,,,,,,,,,
ashwin++115@mailmodo.com,AB+115,,,,,,,,,,,,,,,,,,,,,,,,,,,,,,,,,,,,,,
ashwin++116@mailmodo.com,AB+116,,,,,,,,,,,,,,,,,,,,,,,,,,,,,,,,,,,,,,
ashwin++117@mailmodo.com,AB+117,,,,,,,,,,,,,,,,,,,,,,,,,,,,,,,,,,,,,,
ashwin++118@mailmodo.com,AB+118,,,,,,,,,,,,,,,,,,,,,,,,,,,,,,,,,,,,,,
ashwin++119@mailmodo.com,AB+119,,,,,,,,,,,,,,,,,,,,,,,,,,,,,,,,,,,,,,
ashwin++120@mailmodo.com,AB+120,,,,,,,,,,,,,,,,,,,,,,,,,,,,,,,,,,,,,,
ashwin++121@mailmodo.com,AB+121,,,,,,,,,,,,,,,,,,,,,,,,,,,,,,,,,,,,,,
ashwin++122@mailmodo.com,AB+122,,,,,,,,,,,,,,,,,,,,,,,,,,,,,,,,,,,,,,
ashwin++123@mailmodo.com,AB+123,,,,,,,,,,,,,,,,,,,,,,,,,,,,,,,,,,,,,,
ashwin++124@mailmodo.com,AB+124,,,,,,,,,,,,,,,,,,,,,,,,,,,,,,,,,,,,,,
ashwin++125@mailmodo.com,AB+125,,,,,,,,,,,,,,,,,,,,,,,,,,,,,,,,,,,,,,
ashwin++126@mailmodo.com,AB+126,,,,,,,,,,,,,,,,,,,,,,,,,,,,,,,,,,,,,,
ashwin++127@mailmodo.com,AB+127,,,,,,,,,,,,,,,,,,,,,,,,,,,,,,,,,,,,,,
ashwin++128@mailmodo.com,AB+128,,,,,,,,,,,,,,,,,,,,,,,,,,,,,,,,,,,,,,
ashwin++129@mailmodo.com,AB+129,,,,,,,,,,,,,,,,,,,,,,,,,,,,,,,,,,,,,,
ashwin++130@mailmodo.com,AB+130,,,,,,,,,,,,,,,,,,,,,,,,,,,,,,,,,,,,,,
ashwin++131@mailmodo.com,AB+131,,,,,,,,,,,,,,,,,,,,,,,,,,,,,,,,,,,,,,
ashwin++132@mailmodo.com,AB+132,,,,,,,,,,,,,,,,,,,,,,,,,,,,,,,,,,,,,,
ashwin++133@mailmodo.com,AB+133,,,,,,,,,,,,,,,,,,,,,,,,,,,,,,,,,,,,,,
ashwin++134@mailmodo.com,AB+134,,,,,,,,,,,,,,,,,,,,,,,,,,,,,,,,,,,,,,
ashwin++135@mailmodo.com,AB+135,,,,,,,,,,,,,,,,,,,,,,,,,,,,,,,,,,,,,,
ashwin++136@mailmodo.com,AB+136,,,,,,,,,,,,,,,,,,,,,,,,,,,,,,,,,,,,,,
ashwin++137@mailmodo.com,AB+137,,,,,,,,,,,,,,,,,,,,,,,,,,,,,,,,,,,,,,
ashwin++138@mailmodo.com,AB+138,,,,,,,,,,,,,,,,,,,,,,,,,,,,,,,,,,,,,,
ashwin++139@mailmodo.com,AB+139,,,,,,,,,,,,,,,,,,,,,,,,,,,,,,,,,,,,,,
ashwin++140@mailmodo.com,AB+140,,,,,,,,,,,,,,,,,,,,,,,,,,,,,,,,,,,,,,
ashwin++141@mailmodo.com,AB+141,,,,,,,,,,,,,,,,,,,,,,,,,,,,,,,,,,,,,,
ashwin++142@mailmodo.com,AB+142,,,,,,,,,,,,,,,,,,,,,,,,,,,,,,,,,,,,,,
ashwin++143@mailmodo.com,AB+143,,,,,,,,,,,,,,,,,,,,,,,,,,,,,,,,,,,,,,
ashwin++144@mailmodo.com,AB+144,,,,,,,,,,,,,,,,,,,,,,,,,,,,,,,,,,,,,,
ashwin++145@mailmodo.com,AB+145,,,,,,,,,,,,,,,,,,,,,,,,,,,,,,,,,,,,,,
ashwin++146@mailmodo.com,AB+146,,,,,,,,,,,,,,,,,,,,,,,,,,,,,,,,,,,,,,
ashwin++147@mailmodo.com,AB+147,,,,,,,,,,,,,,,,,,,,,,,,,,,,,,,,,,,,,,
ashwin++148@mailmodo.com,AB+148,,,,,,,,,,,,,,,,,,,,,,,,,,,,,,,,,,,,,,
ashwin++149@mailmodo.com,AB+149,,,,,,,,,,,,,,,,,,,,,,,,,,,,,,,,,,,,,,
ashwin++150@mailmodo.com,AB+150,,,,,,,,,,,,,,,,,,,,,,,,,,,,,,,,,,,,,,
ashwin++151@mailmodo.com,AB+151,,,,,,,,,,,,,,,,,,,,,,,,,,,,,,,,,,,,,,
ashwin++152@mailmodo.com,AB+152,,,,,,,,,,,,,,,,,,,,,,,,,,,,,,,,,,,,,,
ashwin++153@mailmodo.com,AB+153,,,,,,,,,,,,,,,,,,,,,,,,,,,,,,,,,,,,,,
ashwin++154@mailmodo.com,AB+154,,,,,,,,,,,,,,,,,,,,,,,,,,,,,,,,,,,,,,
ashwin++155@mailmodo.com,AB+155,,,,,,,,,,,,,,,,,,,,,,,,,,,,,,,,,,,,,,
ashwin++156@mailmodo.com,AB+156,,,,,,,,,,,,,,,,,,,,,,,,,,,,,,,,,,,,,,
ashwin++157@mailmodo.com,AB+157,,,,,,,,,,,,,,,,,,,,,,,,,,,,,,,,,,,,,,
ashwin++158@mailmodo.com,AB+158,,,,,,,,,,,,,,,,,,,,,,,,,,,,,,,,,,,,,,
ashwin++159@mailmodo.com,AB+159,,,,,,,,,,,,,,,,,,,,,,,,,,,,,,,,,,,,,,
ashwin++160@mailmodo.com,AB+160,,,,,,,,,,,,,,,,,,,,,,,,,,,,,,,,,,,,,,
ashwin++161@mailmodo.com,AB+161,,,,,,,,,,,,,,,,,,,,,,,,,,,,,,,,,,,,,,
ashwin++162@mailmodo.com,AB+162,,,,,,,,,,,,,,,,,,,,,,,,,,,,,,,,,,,,,,
ashwin++163@mailmodo.com,AB+163,,,,,,,,,,,,,,,,,,,,,,,,,,,,,,,,,,,,,,
ashwin++164@mailmodo.com,AB+164,,,,,,,,,,,,,,,,,,,,,,,,,,,,,,,,,,,,,,
ashwin++165@mailmodo.com,AB+165,,,,,,,,,,,,,,,,,,,,,,,,,,,,,,,,,,,,,,
ashwin++166@mailmodo.com,AB+166,,,,,,,,,,,,,,,,,,,,,,,,,,,,,,,,,,,,,,
ashwin++167@mailmodo.com,AB+167,,,,,,,,,,,,,,,,,,,,,,,,,,,,,,,,,,,,,,
ashwin++168@mailmodo.com,AB+168,,,,,,,,,,,,,,,,,,,,,,,,,,,,,,,,,,,,,,
ashwin++169@mailmodo.com,AB+169,,,,,,,,,,,,,,,,,,,,,,,,,,,,,,,,,,,,,,
ashwin++170@mailmodo.com,AB+170,,,,,,,,,,,,,,,,,,,,,,,,,,,,,,,,,,,,,,
ashwin++171@mailmodo.com,AB+171,,,,,,,,,,,,,,,,,,,,,,,,,,,,,,,,,,,,,,
ashwin++172@mailmodo.com,AB+172,,,,,,,,,,,,,,,,,,,,,,,,,,,,,,,,,,,,,,
ashwin++173@mailmodo.com,AB+173,,,,,,,,,,,,,,,,,,,,,,,,,,,,,,,,,,,,,,
ashwin++174@mailmodo.com,AB+174,,,,,,,,,,,,,,,,,,,,,,,,,,,,,,,,,,,,,,
ashwin++175@mailmodo.com,AB+175,,,,,,,,,,,,,,,,,,,,,,,,,,,,,,,,,,,,,,
ashwin++176@mailmodo.com,AB+176,,,,,,,,,,,,,,,,,,,,,,,,,,,,,,,,,,,,,,
ashwin++177@mailmodo.com,AB+177,,,,,,,,,,,,,,,,,,,,,,,,,,,,,,,,,,,,,,
ashwin++178@mailmodo.com,AB+178,,,,,,,,,,,,,,,,,,,,,,,,,,,,,,,,,,,,,,
ashwin++179@mailmodo.com,AB+179,,,,,,,,,,,,,,,,,,,,,,,,,,,,,,,,,,,,,,
ashwin++180@mailmodo.com,AB+180,,,,,,,,,,,,,,,,,,,,,,,,,,,,,,,,,,,,,,
ashwin++181@mailmodo.com,AB+181,,,,,,,,,,,,,,,,,,,,,,,,,,,,,,,,,,,,,,
ashwin++182@mailmodo.com,AB+182,,,,,,,,,,,,,,,,,,,,,,,,,,,,,,,,,,,,,,
ashwin++183@mailmodo.com,AB+183,,,,,,,,,,,,,,,,,,,,,,,,,,,,,,,,,,,,,,
ashwin++184@mailmodo.com,AB+184,,,,,,,,,,,,,,,,,,,,,,,,,,,,,,,,,,,,,,
ashwin++185@mailmodo.com,AB+185,,,,,,,,,,,,,,,,,,,,,,,,,,,,,,,,,,,,,,
ashwin++186@mailmodo.com,AB+186,,,,,,,,,,,,,,,,,,,,,,,,,,,,,,,,,,,,,,
ashwin++187@mailmodo.com,AB+187,,,,,,,,,,,,,,,,,,,,,,,,,,,,,,,,,,,,,,
ashwin++188@mailmodo.com,AB+188,,,,,,,,,,,,,,,,,,,,,,,,,,,,,,,,,,,,,,
ashwin++189@mailmodo.com,AB+189,,,,,,,,,,,,,,,,,,,,,,,,,,,,,,,,,,,,,,
ashwin++190@mailmodo.com,AB+190,,,,,,,,,,,,,,,,,,,,,,,,,,,,,,,,,,,,,,
ashwin++191@mailmodo.com,AB+191,,,,,,,,,,,,,,,,,,,,,,,,,,,,,,,,,,,,,,
ashwin++192@mailmodo.com,AB+192,,,,,,,,,,,,,,,,,,,,,,,,,,,,,,,,,,,,,,
ashwin++193@mailmodo.com,AB+193,,,,,,,,,,,,,,,,,,,,,,,,,,,,,,,,,,,,,,
ashwin++194@mailmodo.com,AB+194,,,,,,,,,,,,,,,,,,,,,,,,,,,,,,,,,,,,,,
ashwin++195@mailmodo.com,AB+195,,,,,,,,,,,,,,,,,,,,,,,,,,,,,,,,,,,,,,
ashwin++196@mailmodo.com,AB+196,,,,,,,,,,,,,,,,,,,,,,,,,,,,,,,,,,,,,,
ashwin++197@mailmodo.com,AB+197,,,,,,,,,,,,,,,,,,,,,,,,,,,,,,,,,,,,,,
ashwin++198@mailmodo.com,AB+198,,,,,,,,,,,,,,,,,,,,,,,,,,,,,,,,,,,,,,
ashwin++199@mailmodo.com,AB+199,,,,,,,,,,,,,,,,,,,,,,,,,,,,,,,,,,,,,,
ashwin++200@mailmodo.com,AB+200,,,,,,,,,,,,,,,,,,,,,,,,,,,,,,,,,,,,,,
ashwin++201@mailmodo.com,AB+201,,,,,,,,,,,,,,,,,,,,,,,,,,,,,,,,,,,,,,
ashwin++202@mailmodo.com,AB+202,,,,,,,,,,,,,,,,,,,,,,,,,,,,,,,,,,,,,,
ashwin++203@mailmodo.com,AB+203,,,,,,,,,,,,,,,,,,,,,,,,,,,,,,,,,,,,,,
ashwin++204@mailmodo.com,AB+204,,,,,,,,,,,,,,,,,,,,,,,,,,,,,,,,,,,,,,
ashwin++205@mailmodo.com,AB+205,,,,,,,,,,,,,,,,,,,,,,,,,,,,,,,,,,,,,,
ashwin++206@mailmodo.com,AB+206,,,,,,,,,,,,,,,,,,,,,,,,,,,,,,,,,,,,,,
ashwin++207@mailmodo.com,AB+207,,,,,,,,,,,,,,,,,,,,,,,,,,,,,,,,,,,,,,
ashwin++208@mailmodo.com,AB+208,,,,,,,,,,,,,,,,,,,,,,,,,,,,,,,,,,,,,,
ashwin++209@mailmodo.com,AB+209,,,,,,,,,,,,,,,,,,,,,,,,,,,,,,,,,,,,,,
ashwin++210@mailmodo.com,AB+210,,,,,,,,,,,,,,,,,,,,,,,,,,,,,,,,,,,,,,
ashwin++211@mailmodo.com,AB+211,,,,,,,,,,,,,,,,,,,,,,,,,,,,,,,,,,,,,,
ashwin++212@mailmodo.com,AB+212,,,,,,,,,,,,,,,,,,,,,,,,,,,,,,,,,,,,,,
ashwin++213@mailmodo.com,AB+213,,,,,,,,,,,,,,,,,,,,,,,,,,,,,,,,,,,,,,
ashwin++214@mailmodo.com,AB+214,,,,,,,,,,,,,,,,,,,,,,,,,,,,,,,,,,,,,,
ashwin++215@mailmodo.com,AB+215,,,,,,,,,,,,,,,,,,,,,,,,,,,,,,,,,,,,,,
ashwin++216@mailmodo.com,AB+216,,,,,,,,,,,,,,,,,,,,,,,,,,,,,,,,,,,,,,
ashwin++217@mailmodo.com,AB+217,,,,,,,,,,,,,,,,,,,,,,,,,,,,,,,,,,,,,,
ashwin++218@mailmodo.com,AB+218,,,,,,,,,,,,,,,,,,,,,,,,,,,,,,,,,,,,,,
ashwin++219@mailmodo.com,AB+219,,,,,,,,,,,,,,,,,,,,,,,,,,,,,,,,,,,,,,
ashwin++220@mailmodo.com,AB+220,,,,,,,,,,,,,,,,,,,,,,,,,,,,,,,,,,,,,,
ashwin++221@mailmodo.com,AB+221,,,,,,,,,,,,,,,,,,,,,,,,,,,,,,,,,,,,,,
ashwin++222@mailmodo.com,AB+222,,,,,,,,,,,,,,,,,,,,,,,,,,,,,,,,,,,,,,
ashwin++223@mailmodo.com,AB+223,,,,,,,,,,,,,,,,,,,,,,,,,,,,,,,,,,,,,,
ashwin++224@mailmodo.com,AB+224,,,,,,,,,,,,,,,,,,,,,,,,,,,,,,,,,,,,,,
ashwin++225@mailmodo.com,AB+225,,,,,,,,,,,,,,,,,,,,,,,,,,,,,,,,,,,,,,
ashwin++226@mailmodo.com,AB+226,,,,,,,,,,,,,,,,,,,,,,,,,,,,,,,,,,,,,,
ashwin++227@mailmodo.com,AB+227,,,,,,,,,,,,,,,,,,,,,,,,,,,,,,,,,,,,,,
ashwin++228@mailmodo.com,AB+228,,,,,,,,,,,,,,,,,,,,,,,,,,,,,,,,,,,,,,
ashwin++229@mailmodo.com,AB+229,,,,,,,,,,,,,,,,,,,,,,,,,,,,,,,,,,,,,,
ashwin++230@mailmodo.com,AB+230,,,,,,,,,,,,,,,,,,,,,,,,,,,,,,,,,,,,,,
ashwin++231@mailmodo.com,AB+231,,,,,,,,,,,,,,,,,,,,,,,,,,,,,,,,,,,,,,
ashwin++232@mailmodo.com,AB+232,,,,,,,,,,,,,,,,,,,,,,,,,,,,,,,,,,,,,,
ashwin++233@mailmodo.com,AB+233,,,,,,,,,,,,,,,,,,,,,,,,,,,,,,,,,,,,,,
ashwin++234@mailmodo.com,AB+234,,,,,,,,,,,,,,,,,,,,,,,,,,,,,,,,,,,,,,
ashwin++235@mailmodo.com,AB+235,,,,,,,,,,,,,,,,,,,,,,,,,,,,,,,,,,,,,,
ashwin++236@mailmodo.com,AB+236,,,,,,,,,,,,,,,,,,,,,,,,,,,,,,,,,,,,,,
ashwin++237@mailmodo.com,AB+237,,,,,,,,,,,,,,,,,,,,,,,,,,,,,,,,,,,,,,
ashwin++238@mailmodo.com,AB+238,,,,,,,,,,,,,,,,,,,,,,,,,,,,,,,,,,,,,,
ashwin++239@mailmodo.com,AB+239,,,,,,,,,,,,,,,,,,,,,,,,,,,,,,,,,,,,,,
ashwin++240@mailmodo.com,AB+240,,,,,,,,,,,,,,,,,,,,,,,,,,,,,,,,,,,,,,
ashwin++241@mailmodo.com,AB+241,,,,,,,,,,,,,,,,,,,,,,,,,,,,,,,,,,,,,,
ashwin++242@mailmodo.com,AB+242,,,,,,,,,,,,,,,,,,,,,,,,,,,,,,,,,,,,,,
ashwin++243@mailmodo.com,AB+243,,,,,,,,,,,,,,,,,,,,,,,,,,,,,,,,,,,,,,
ashwin++244@mailmodo.com,AB+244,,,,,,,,,,,,,,,,,,,,,,,,,,,,,,,,,,,,,,
ashwin++245@mailmodo.com,AB+245,,,,,,,,,,,,,,,,,,,,,,,,,,,,,,,,,,,,,,
ashwin++246@mailmodo.com,AB+246,,,,,,,,,,,,,,,,,,,,,,,,,,,,,,,,,,,,,,
ashwin++247@mailmodo.com,AB+247,,,,,,,,,,,,,,,,,,,,,,,,,,,,,,,,,,,,,,
ashwin++248@mailmodo.com,AB+248,,,,,,,,,,,,,,,,,,,,,,,,,,,,,,,,,,,,,,
ashwin++249@mailmodo.com,AB+249,,,,,,,,,,,,,,,,,,,,,,,,,,,,,,,,,,,,,,
ashwin++250@mailmodo.com,AB+250,,,,,,,,,,,,,,,,,,,,,,,,,,,,,,,,,,,,,,
ashwin++251@mailmodo.com,AB+251,,,,,,,,,,,,,,,,,,,,,,,,,,,,,,,,,,,,,,
ashwin++252@mailmodo.com,AB+252,,,,,,,,,,,,,,,,,,,,,,,,,,,,,,,,,,,,,,
ashwin++253@mailmodo.com,AB+253,,,,,,,,,,,,,,,,,,,,,,,,,,,,,,,,,,,,,,
ashwin++254@mailmodo.com,AB+254,,,,,,,,,,,,,,,,,,,,,,,,,,,,,,,,,,,,,,
ashwin++255@mailmodo.com,AB+255,,,,,,,,,,,,,,,,,,,,,,,,,,,,,,,,,,,,,,
ashwin++256@mailmodo.com,AB+256,,,,,,,,,,,,,,,,,,,,,,,,,,,,,,,,,,,,,,
ashwin++257@mailmodo.com,AB+257,,,,,,,,,,,,,,,,,,,,,,,,,,,,,,,,,,,,,,
ashwin++258@mailmodo.com,AB+258,,,,,,,,,,,,,,,,,,,,,,,,,,,,,,,,,,,,,,
ashwin++259@mailmodo.com,AB+259,,,,,,,,,,,,,,,,,,,,,,,,,,,,,,,,,,,,,,
ashwin++260@mailmodo.com,AB+260,,,,,,,,,,,,,,,,,,,,,,,,,,,,,,,,,,,,,,
ashwin++261@mailmodo.com,AB+261,,,,,,,,,,,,,,,,,,,,,,,,,,,,,,,,,,,,,,
ashwin++262@mailmodo.com,AB+262,,,,,,,,,,,,,,,,,,,,,,,,,,,,,,,,,,,,,,
ashwin++263@mailmodo.com,AB+263,,,,,,,,,,,,,,,,,,,,,,,,,,,,,,,,,,,,,,
ashwin++264@mailmodo.com,AB+264,,,,,,,,,,,,,,,,,,,,,,,,,,,,,,,,,,,,,,
ashwin++265@mailmodo.com,AB+265,,,,,,,,,,,,,,,,,,,,,,,,,,,,,,,,,,,,,,
ashwin++266@mailmodo.com,AB+266,,,,,,,,,,,,,,,,,,,,,,,,,,,,,,,,,,,,,,
ashwin++267@mailmodo.com,AB+267,,,,,,,,,,,,,,,,,,,,,,,,,,,,,,,,,,,,,,
ashwin++268@mailmodo.com,AB+268,,,,,,,,,,,,,,,,,,,,,,,,,,,,,,,,,,,,,,
ashwin++269@mailmodo.com,AB+269,,,,,,,,,,,,,,,,,,,,,,,,,,,,,,,,,,,,,,
ashwin++270@mailmodo.com,AB+270,,,,,,,,,,,,,,,,,,,,,,,,,,,,,,,,,,,,,,
ashwin++271@mailmodo.com,AB+271,,,,,,,,,,,,,,,,,,,,,,,,,,,,,,,,,,,,,,
ashwin++272@mailmodo.com,AB+272,,,,,,,,,,,,,,,,,,,,,,,,,,,,,,,,,,,,,,
ashwin++273@mailmodo.com,AB+273,,,,,,,,,,,,,,,,,,,,,,,,,,,,,,,,,,,,,,
ashwin++274@mailmodo.com,AB+274,,,,,,,,,,,,,,,,,,,,,,,,,,,,,,,,,,,,,,
ashwin++275@mailmodo.com,AB+275,,,,,,,,,,,,,,,,,,,,,,,,,,,,,,,,,,,,,,
ashwin++276@mailmodo.com,AB+276,,,,,,,,,,,,,,,,,,,,,,,,,,,,,,,,,,,,,,
ashwin++277@mailmodo.com,AB+277,,,,,,,,,,,,,,,,,,,,,,,,,,,,,,,,,,,,,,
ashwin++278@mailmodo.com,AB+278,,,,,,,,,,,,,,,,,,,,,,,,,,,,,,,,,,,,,,
ashwin++279@mailmodo.com,AB+279,,,,,,,,,,,,,,,,,,,,,,,,,,,,,,,,,,,,,,
ashwin++280@mailmodo.com,AB+280,,,,,,,,,,,,,,,,,,,,,,,,,,,,,,,,,,,,,,
ashwin++281@mailmodo.com,AB+281,,,,,,,,,,,,,,,,,,,,,,,,,,,,,,,,,,,,,,
ashwin++282@mailmodo.com,AB+282,,,,,,,,,,,,,,,,,,,,,,,,,,,,,,,,,,,,,,
ashwin++283@mailmodo.com,AB+283,,,,,,,,,,,,,,,,,,,,,,,,,,,,,,,,,,,,,,
ashwin++284@mailmodo.com,AB+284,,,,,,,,,,,,,,,,,,,,,,,,,,,,,,,,,,,,,,
ashwin++285@mailmodo.com,AB+285,,,,,,,,,,,,,,,,,,,,,,,,,,,,,,,,,,,,,,
ashwin++286@mailmodo.com,AB+286,,,,,,,,,,,,,,,,,,,,,,,,,,,,,,,,,,,,,,
ashwin++287@mailmodo.com,AB+287,,,,,,,,,,,,,,,,,,,,,,,,,,,,,,,,,,,,,,
ashwin++288@mailmodo.com,AB+288,,,,,,,,,,,,,,,,,,,,,,,,,,,,,,,,,,,,,,
ashwin++289@mailmodo.com,AB+289,,,,,,,,,,,,,,,,,,,,,,,,,,,,,,,,,,,,,,
ashwin++290@mailmodo.com,AB+290,,,,,,,,,,,,,,,,,,,,,,,,,,,,,,,,,,,,,,
ashwin++291@mailmodo.com,AB+291,,,,,,,,,,,,,,,,,,,,,,,,,,,,,,,,,,,,,,
ashwin++292@mailmodo.com,AB+292,,,,,,,,,,,,,,,,,,,,,,,,,,,,,,,,,,,,,,
ashwin++293@mailmodo.com,AB+293,,,,,,,,,,,,,,,,,,,,,,,,,,,,,,,,,,,,,,
ashwin++294@mailmodo.com,AB+294,,,,,,,,,,,,,,,,,,,,,,,,,,,,,,,,,,,,,,
ashwin++295@mailmodo.com,AB+295,,,,,,,,,,,,,,,,,,,,,,,,,,,,,,,,,,,,,,
ashwin++296@mailmodo.com,AB+296,,,,,,,,,,,,,,,,,,,,,,,,,,,,,,,,,,,,,,
ashwin++297@mailmodo.com,AB+297,,,,,,,,,,,,,,,,,,,,,,,,,,,,,,,,,,,,,,
ashwin++298@mailmodo.com,AB+298,,,,,,,,,,,,,,,,,,,,,,,,,,,,,,,,,,,,,,
ashwin++299@mailmodo.com,AB+299,,,,,,,,,,,,,,,,,,,,,,,,,,,,,,,,,,,,,,
ashwin++300@mailmodo.com,AB+300,,,,,,,,,,,,,,,,,,,,,,,,,,,,,,,,,,,,,,
ashwin++301@mailmodo.com,AB+301,,,,,,,,,,,,,,,,,,,,,,,,,,,,,,,,,,,,,,
ashwin++302@mailmodo.com,AB+302,,,,,,,,,,,,,,,,,,,,,,,,,,,,,,,,,,,,,,
ashwin++303@mailmodo.com,AB+303,,,,,,,,,,,,,,,,,,,,,,,,,,,,,,,,,,,,,,
ashwin++304@mailmodo.com,AB+304,,,,,,,,,,,,,,,,,,,,,,,,,,,,,,,,,,,,,,
ashwin++305@mailmodo.com,AB+305,,,,,,,,,,,,,,,,,,,,,,,,,,,,,,,,,,,,,,
ashwin++306@mailmodo.com,AB+306,,,,,,,,,,,,,,,,,,,,,,,,,,,,,,,,,,,,,,
ashwin++307@mailmodo.com,AB+307,,,,,,,,,,,,,,,,,,,,,,,,,,,,,,,,,,,,,,
ashwin++308@mailmodo.com,AB+308,,,,,,,,,,,,,,,,,,,,,,,,,,,,,,,,,,,,,,
ashwin++309@mailmodo.com,AB+309,,,,,,,,,,,,,,,,,,,,,,,,,,,,,,,,,,,,,,
ashwin++310@mailmodo.com,AB+310,,,,,,,,,,,,,,,,,,,,,,,,,,,,,,,,,,,,,,
ashwin++311@mailmodo.com,AB+311,,,,,,,,,,,,,,,,,,,,,,,,,,,,,,,,,,,,,,
ashwin++312@mailmodo.com,AB+312,,,,,,,,,,,,,,,,,,,,,,,,,,,,,,,,,,,,,,
ashwin++313@mailmodo.com,AB+313,,,,,,,,,,,,,,,,,,,,,,,,,,,,,,,,,,,,,,
ashwin++314@mailmodo.com,AB+314,,,,,,,,,,,,,,,,,,,,,,,,,,,,,,,,,,,,,,
ashwin++315@mailmodo.com,AB+315,,,,,,,,,,,,,,,,,,,,,,,,,,,,,,,,,,,,,,
ashwin++316@mailmodo.com,AB+316,,,,,,,,,,,,,,,,,,,,,,,,,,,,,,,,,,,,,,
ashwin++317@mailmodo.com,AB+317,,,,,,,,,,,,,,,,,,,,,,,,,,,,,,,,,,,,,,
ashwin++318@mailmodo.com,AB+318,,,,,,,,,,,,,,,,,,,,,,,,,,,,,,,,,,,,,,
ashwin++319@mailmodo.com,AB+319,,,,,,,,,,,,,,,,,,,,,,,,,,,,,,,,,,,,,,
ashwin++320@mailmodo.com,AB+320,,,,,,,,,,,,,,,,,,,,,,,,,,,,,,,,,,,,,,
ashwin++321@mailmodo.com,AB+321,,,,,,,,,,,,,,,,,,,,,,,,,,,,,,,,,,,,,,
ashwin++322@mailmodo.com,AB+322,,,,,,,,,,,,,,,,,,,,,,,,,,,,,,,,,,,,,,
ashwin++323@mailmodo.com,AB+323,,,,,,,,,,,,,,,,,,,,,,,,,,,,,,,,,,,,,,
ashwin++324@mailmodo.com,AB+324,,,,,,,,,,,,,,,,,,,,,,,,,,,,,,,,,,,,,,
ashwin++325@mailmodo.com,AB+325,,,,,,,,,,,,,,,,,,,,,,,,,,,,,,,,,,,,,,
ashwin++326@mailmodo.com,AB+326,,,,,,,,,,,,,,,,,,,,,,,,,,,,,,,,,,,,,,
ashwin++327@mailmodo.com,AB+327,,,,,,,,,,,,,,,,,,,,,,,,,,,,,,,,,,,,,,
ashwin++328@mailmodo.com,AB+328,,,,,,,,,,,,,,,,,,,,,,,,,,,,,,,,,,,,,,
ashwin++329@mailmodo.com,AB+329,,,,,,,,,,,,,,,,,,,,,,,,,,,,,,,,,,,,,,
ashwin++330@mailmodo.com,AB+330,,,,,,,,,,,,,,,,,,,,,,,,,,,,,,,,,,,,,,
ashwin++331@mailmodo.com,AB+331,,,,,,,,,,,,,,,,,,,,,,,,,,,,,,,,,,,,,,
ashwin++332@mailmodo.com,AB+332,,,,,,,,,,,,,,,,,,,,,,,,,,,,,,,,,,,,,,
ashwin++333@mailmodo.com,AB+333,,,,,,,,,,,,,,,,,,,,,,,,,,,,,,,,,,,,,,
ashwin++334@mailmodo.com,AB+334,,,,,,,,,,,,,,,,,,,,,,,,,,,,,,,,,,,,,,
ashwin++335@mailmodo.com,AB+335,,,,,,,,,,,,,,,,,,,,,,,,,,,,,,,,,,,,,,
ashwin++336@mailmodo.com,AB+336,,,,,,,,,,,,,,,,,,,,,,,,,,,,,,,,,,,,,,
ashwin++337@mailmodo.com,AB+337,,,,,,,,,,,,,,,,,,,,,,,,,,,,,,,,,,,,,,
ashwin++338@mailmodo.com,AB+338,,,,,,,,,,,,,,,,,,,,,,,,,,,,,,,,,,,,,,
ashwin++339@mailmodo.com,AB+339,,,,,,,,,,,,,,,,,,,,,,,,,,,,,,,,,,,,,,
ashwin++340@mailmodo.com,AB+340,,,,,,,,,,,,,,,,,,,,,,,,,,,,,,,,,,,,,,
ashwin++341@mailmodo.com,AB+341,,,,,,,,,,,,,,,,,,,,,,,,,,,,,,,,,,,,,,
ashwin++342@mailmodo.com,AB+342,,,,,,,,,,,,,,,,,,,,,,,,,,,,,,,,,,,,,,
ashwin++343@mailmodo.com,AB+343,,,,,,,,,,,,,,,,,,,,,,,,,,,,,,,,,,,,,,
ashwin++344@mailmodo.com,AB+344,,,,,,,,,,,,,,,,,,,,,,,,,,,,,,,,,,,,,,
ashwin++345@mailmodo.com,AB+345,,,,,,,,,,,,,,,,,,,,,,,,,,,,,,,,,,,,,,
ashwin++346@mailmodo.com,AB+346,,,,,,,,,,,,,,,,,,,,,,,,,,,,,,,,,,,,,,
ashwin++347@mailmodo.com,AB+347,,,,,,,,,,,,,,,,,,,,,,,,,,,,,,,,,,,,,,
ashwin++348@mailmodo.com,AB+348,,,,,,,,,,,,,,,,,,,,,,,,,,,,,,,,,,,,,,
ashwin++349@mailmodo.com,AB+349,,,,,,,,,,,,,,,,,,,,,,,,,,,,,,,,,,,,,,
ashwin++350@mailmodo.com,AB+350,,,,,,,,,,,,,,,,,,,,,,,,,,,,,,,,,,,,,,
ashwin++351@mailmodo.com,AB+351,,,,,,,,,,,,,,,,,,,,,,,,,,,,,,,,,,,,,,
ashwin++352@mailmodo.com,AB+352,,,,,,,,,,,,,,,,,,,,,,,,,,,,,,,,,,,,,,
ashwin++353@mailmodo.com,AB+353,,,,,,,,,,,,,,,,,,,,,,,,,,,,,,,,,,,,,,
ashwin++354@mailmodo.com,AB+354,,,,,,,,,,,,,,,,,,,,,,,,,,,,,,,,,,,,,,
ashwin++355@mailmodo.com,AB+355,,,,,,,,,,,,,,,,,,,,,,,,,,,,,,,,,,,,,,
ashwin++356@mailmodo.com,AB+356,,,,,,,,,,,,,,,,,,,,,,,,,,,,,,,,,,,,,,
ashwin++357@mailmodo.com,AB+357,,,,,,,,,,,,,,,,,,,,,,,,,,,,,,,,,,,,,,
ashwin++358@mailmodo.com,AB+358,,,,,,,,,,,,,,,,,,,,,,,,,,,,,,,,,,,,,,
ashwin++359@mailmodo.com,AB+359,,,,,,,,,,,,,,,,,,,,,,,,,,,,,,,,,,,,,,
ashwin++360@mailmodo.com,AB+360,,,,,,,,,,,,,,,,,,,,,,,,,,,,,,,,,,,,,,
ashwin++361@mailmodo.com,AB+361,,,,,,,,,,,,,,,,,,,,,,,,,,,,,,,,,,,,,,
ashwin++362@mailmodo.com,AB+362,,,,,,,,,,,,,,,,,,,,,,,,,,,,,,,,,,,,,,
ashwin++363@mailmodo.com,AB+363,,,,,,,,,,,,,,,,,,,,,,,,,,,,,,,,,,,,,,
ashwin++364@mailmodo.com,AB+364,,,,,,,,,,,,,,,,,,,,,,,,,,,,,,,,,,,,,,
ashwin++365@mailmodo.com,AB+365,,,,,,,,,,,,,,,,,,,,,,,,,,,,,,,,,,,,,,
ashwin++366@mailmodo.com,AB+366,,,,,,,,,,,,,,,,,,,,,,,,,,,,,,,,,,,,,,
ashwin++367@mailmodo.com,AB+367,,,,,,,,,,,,,,,,,,,,,,,,,,,,,,,,,,,,,,
ashwin++368@mailmodo.com,AB+368,,,,,,,,,,,,,,,,,,,,,,,,,,,,,,,,,,,,,,
ashwin++369@mailmodo.com,AB+369,,,,,,,,,,,,,,,,,,,,,,,,,,,,,,,,,,,,,,
ashwin++370@mailmodo.com,AB+370,,,,,,,,,,,,,,,,,,,,,,,,,,,,,,,,,,,,,,
ashwin++371@mailmodo.com,AB+371,,,,,,,,,,,,,,,,,,,,,,,,,,,,,,,,,,,,,,
ashwin++372@mailmodo.com,AB+372,,,,,,,,,,,,,,,,,,,,,,,,,,,,,,,,,,,,,,
ashwin++373@mailmodo.com,AB+373,,,,,,,,,,,,,,,,,,,,,,,,,,,,,,,,,,,,,,
ashwin++374@mailmodo.com,AB+374,,,,,,,,,,,,,,,,,,,,,,,,,,,,,,,,,,,,,,
ashwin++375@mailmodo.com,AB+375,,,,,,,,,,,,,,,,,,,,,,,,,,,,,,,,,,,,,,
ashwin++376@mailmodo.com,AB+376,,,,,,,,,,,,,,,,,,,,,,,,,,,,,,,,,,,,,,
ashwin++377@mailmodo.com,AB+377,,,,,,,,,,,,,,,,,,,,,,,,,,,,,,,,,,,,,,
ashwin++378@mailmodo.com,AB+378,,,,,,,,,,,,,,,,,,,,,,,,,,,,,,,,,,,,,,
ashwin++379@mailmodo.com,AB+379,,,,,,,,,,,,,,,,,,,,,,,,,,,,,,,,,,,,,,
ashwin++380@mailmodo.com,AB+380,,,,,,,,,,,,,,,,,,,,,,,,,,,,,,,,,,,,,,
ashwin++381@mailmodo.com,AB+381,,,,,,,,,,,,,,,,,,,,,,,,,,,,,,,,,,,,,,
ashwin++382@mailmodo.com,AB+382,,,,,,,,,,,,,,,,,,,,,,,,,,,,,,,,,,,,,,
ashwin++383@mailmodo.com,AB+383,,,,,,,,,,,,,,,,,,,,,,,,,,,,,,,,,,,,,,
ashwin++384@mailmodo.com,AB+384,,,,,,,,,,,,,,,,,,,,,,,,,,,,,,,,,,,,,,
ashwin++385@mailmodo.com,AB+385,,,,,,,,,,,,,,,,,,,,,,,,,,,,,,,,,,,,,,
ashwin++386@mailmodo.com,AB+386,,,,,,,,,,,,,,,,,,,,,,,,,,,,,,,,,,,,,,
ashwin++387@mailmodo.com,AB+387,,,,,,,,,,,,,,,,,,,,,,,,,,,,,,,,,,,,,,
ashwin++388@mailmodo.com,AB+388,,,,,,,,,,,,,,,,,,,,,,,,,,,,,,,,,,,,,,
ashwin++389@mailmodo.com,AB+389,,,,,,,,,,,,,,,,,,,,,,,,,,,,,,,,,,,,,,
ashwin++390@mailmodo.com,AB+390,,,,,,,,,,,,,,,,,,,,,,,,,,,,,,,,,,,,,,
ashwin++391@mailmodo.com,AB+391,,,,,,,,,,,,,,,,,,,,,,,,,,,,,,,,,,,,,,
ashwin++392@mailmodo.com,AB+392,,,,,,,,,,,,,,,,,,,,,,,,,,,,,,,,,,,,,,
ashwin++393@mailmodo.com,AB+393,,,,,,,,,,,,,,,,,,,,,,,,,,,,,,,,,,,,,,
ashwin++394@mailmodo.com,AB+394,,,,,,,,,,,,,,,,,,,,,,,,,,,,,,,,,,,,,,
ashwin++395@mailmodo.com,AB+395,,,,,,,,,,,,,,,,,,,,,,,,,,,,,,,,,,,,,,
ashwin++396@mailmodo.com,AB+396,,,,,,,,,,,,,,,,,,,,,,,,,,,,,,,,,,,,,,
ashwin++397@mailmodo.com,AB+397,,,,,,,,,,,,,,,,,,,,,,,,,,,,,,,,,,,,,,
ashwin++398@mailmodo.com,AB+398,,,,,,,,,,,,,,,,,,,,,,,,,,,,,,,,,,,,,,
ashwin++399@mailmodo.com,AB+399,,,,,,,,,,,,,,,,,,,,,,,,,,,,,,,,,,,,,,
ashwin++400@mailmodo.com,AB+400,,,,,,,,,,,,,,,,,,,,,,,,,,,,,,,,,,,,,,
ashwin++401@mailmodo.com,AB+401,,,,,,,,,,,,,,,,,,,,,,,,,,,,,,,,,,,,,,
ashwin++402@mailmodo.com,AB+402,,,,,,,,,,,,,,,,,,,,,,,,,,,,,,,,,,,,,,
ashwin++403@mailmodo.com,AB+403,,,,,,,,,,,,,,,,,,,,,,,,,,,,,,,,,,,,,,
ashwin++404@mailmodo.com,AB+404,,,,,,,,,,,,,,,,,,,,,,,,,,,,,,,,,,,,,,
ashwin++405@mailmodo.com,AB+405,,,,,,,,,,,,,,,,,,,,,,,,,,,,,,,,,,,,,,
ashwin++406@mailmodo.com,AB+406,,,,,,,,,,,,,,,,,,,,,,,,,,,,,,,,,,,,,,
ashwin++407@mailmodo.com,AB+407,,,,,,,,,,,,,,,,,,,,,,,,,,,,,,,,,,,,,,
ashwin++408@mailmodo.com,AB+408,,,,,,,,,,,,,,,,,,,,,,,,,,,,,,,,,,,,,,
ashwin++409@mailmodo.com,AB+409,,,,,,,,,,,,,,,,,,,,,,,,,,,,,,,,,,,,,,
ashwin++410@mailmodo.com,AB+410,,,,,,,,,,,,,,,,,,,,,,,,,,,,,,,,,,,,,,
ashwin++411@mailmodo.com,AB+411,,,,,,,,,,,,,,,,,,,,,,,,,,,,,,,,,,,,,,
ashwin++412@mailmodo.com,AB+412,,,,,,,,,,,,,,,,,,,,,,,,,,,,,,,,,,,,,,
ashwin++413@mailmodo.com,AB+413,,,,,,,,,,,,,,,,,,,,,,,,,,,,,,,,,,,,,,
ashwin++414@mailmodo.com,AB+414,,,,,,,,,,,,,,,,,,,,,,,,,,,,,,,,,,,,,,
ashwin++415@mailmodo.com,AB+415,,,,,,,,,,,,,,,,,,,,,,,,,,,,,,,,,,,,,,
ashwin++416@mailmodo.com,AB+416,,,,,,,,,,,,,,,,,,,,,,,,,,,,,,,,,,,,,,
ashwin++417@mailmodo.com,AB+417,,,,,,,,,,,,,,,,,,,,,,,,,,,,,,,,,,,,,,
ashwin++418@mailmodo.com,AB+418,,,,,,,,,,,,,,,,,,,,,,,,,,,,,,,,,,,,,,
ashwin++419@mailmodo.com,AB+419,,,,,,,,,,,,,,,,,,,,,,,,,,,,,,,,,,,,,,
ashwin++420@mailmodo.com,AB+420,,,,,,,,,,,,,,,,,,,,,,,,,,,,,,,,,,,,,,
ashwin++421@mailmodo.com,AB+421,,,,,,,,,,,,,,,,,,,,,,,,,,,,,,,,,,,,,,
ashwin++422@mailmodo.com,AB+422,,,,,,,,,,,,,,,,,,,,,,,,,,,,,,,,,,,,,,
ashwin++423@mailmodo.com,AB+423,,,,,,,,,,,,,,,,,,,,,,,,,,,,,,,,,,,,,,
ashwin++424@mailmodo.com,AB+424,,,,,,,,,,,,,,,,,,,,,,,,,,,,,,,,,,,,,,
ashwin++425@mailmodo.com,AB+425,,,,,,,,,,,,,,,,,,,,,,,,,,,,,,,,,,,,,,
ashwin++426@mailmodo.com,AB+426,,,,,,,,,,,,,,,,,,,,,,,,,,,,,,,,,,,,,,
ashwin++427@mailmodo.com,AB+427,,,,,,,,,,,,,,,,,,,,,,,,,,,,,,,,,,,,,,
ashwin++428@mailmodo.com,AB+428,,,,,,,,,,,,,,,,,,,,,,,,,,,,,,,,,,,,,,
ashwin++429@mailmodo.com,AB+429,,,,,,,,,,,,,,,,,,,,,,,,,,,,,,,,,,,,,,
ashwin++430@mailmodo.com,AB+430,,,,,,,,,,,,,,,,,,,,,,,,,,,,,,,,,,,,,,
ashwin++431@mailmodo.com,AB+431,,,,,,,,,,,,,,,,,,,,,,,,,,,,,,,,,,,,,,
ashwin++432@mailmodo.com,AB+432,,,,,,,,,,,,,,,,,,,,,,,,,,,,,,,,,,,,,,
ashwin++433@mailmodo.com,AB+433,,,,,,,,,,,,,,,,,,,,,,,,,,,,,,,,,,,,,,
ashwin++434@mailmodo.com,AB+434,,,,,,,,,,,,,,,,,,,,,,,,,,,,,,,,,,,,,,
ashwin++435@mailmodo.com,AB+435,,,,,,,,,,,,,,,,,,,,,,,,,,,,,,,,,,,,,,
ashwin++436@mailmodo.com,AB+436,,,,,,,,,,,,,,,,,,,,,,,,,,,,,,,,,,,,,,
ashwin++437@mailmodo.com,AB+437,,,,,,,,,,,,,,,,,,,,,,,,,,,,,,,,,,,,,,
ashwin++438@mailmodo.com,AB+438,,,,,,,,,,,,,,,,,,,,,,,,,,,,,,,,,,,,,,
ashwin++439@mailmodo.com,AB+439,,,,,,,,,,,,,,,,,,,,,,,,,,,,,,,,,,,,,,
ashwin++440@mailmodo.com,AB+440,,,,,,,,,,,,,,,,,,,,,,,,,,,,,,,,,,,,,,
ashwin++441@mailmodo.com,AB+441,,,,,,,,,,,,,,,,,,,,,,,,,,,,,,,,,,,,,,
ashwin++442@mailmodo.com,AB+442,,,,,,,,,,,,,,,,,,,,,,,,,,,,,,,,,,,,,,
ashwin++443@mailmodo.com,AB+443,,,,,,,,,,,,,,,,,,,,,,,,,,,,,,,,,,,,,,
ashwin++444@mailmodo.com,AB+444,,,,,,,,,,,,,,,,,,,,,,,,,,,,,,,,,,,,,,
ashwin++445@mailmodo.com,AB+445,,,,,,,,,,,,,,,,,,,,,,,,,,,,,,,,,,,,,,
ashwin++446@mailmodo.com,AB+446,,,,,,,,,,,,,,,,,,,,,,,,,,,,,,,,,,,,,,
ashwin++447@mailmodo.com,AB+447,,,,,,,,,,,,,,,,,,,,,,,,,,,,,,,,,,,,,,
ashwin++448@mailmodo.com,AB+448,,,,,,,,,,,,,,,,,,,,,,,,,,,,,,,,,,,,,,
ashwin++449@mailmodo.com,AB+449,,,,,,,,,,,,,,,,,,,,,,,,,,,,,,,,,,,,,,
ashwin++450@mailmodo.com,AB+450,,,,,,,,,,,,,,,,,,,,,,,,,,,,,,,,,,,,,,
ashwin++451@mailmodo.com,AB+451,,,,,,,,,,,,,,,,,,,,,,,,,,,,,,,,,,,,,,
ashwin++452@mailmodo.com,AB+452,,,,,,,,,,,,,,,,,,,,,,,,,,,,,,,,,,,,,,
ashwin++453@mailmodo.com,AB+453,,,,,,,,,,,,,,,,,,,,,,,,,,,,,,,,,,,,,,
ashwin++454@mailmodo.com,AB+454,,,,,,,,,,,,,,,,,,,,,,,,,,,,,,,,,,,,,,
ashwin++455@mailmodo.com,AB+455,,,,,,,,,,,,,,,,,,,,,,,,,,,,,,,,,,,,,,
ashwin++456@mailmodo.com,AB+456,,,,,,,,,,,,,,,,,,,,,,,,,,,,,,,,,,,,,,
ashwin++457@mailmodo.com,AB+457,,,,,,,,,,,,,,,,,,,,,,,,,,,,,,,,,,,,,,
ashwin++458@mailmodo.com,AB+458,,,,,,,,,,,,,,,,,,,,,,,,,,,,,,,,,,,,,,
ashwin++459@mailmodo.com,AB+459,,,,,,,,,,,,,,,,,,,,,,,,,,,,,,,,,,,,,,
ashwin++460@mailmodo.com,AB+460,,,,,,,,,,,,,,,,,,,,,,,,,,,,,,,,,,,,,,
ashwin++461@mailmodo.com,AB+461,,,,,,,,,,,,,,,,,,,,,,,,,,,,,,,,,,,,,,
ashwin++462@mailmodo.com,AB+462,,,,,,,,,,,,,,,,,,,,,,,,,,,,,,,,,,,,,,
ashwin++463@mailmodo.com,AB+463,,,,,,,,,,,,,,,,,,,,,,,,,,,,,,,,,,,,,,
ashwin++464@mailmodo.com,AB+464,,,,,,,,,,,,,,,,,,,,,,,,,,,,,,,,,,,,,,
ashwin++465@mailmodo.com,AB+465,,,,,,,,,,,,,,,,,,,,,,,,,,,,,,,,,,,,,,
ashwin++466@mailmodo.com,AB+466,,,,,,,,,,,,,,,,,,,,,,,,,,,,,,,,,,,,,,
ashwin++467@mailmodo.com,AB+467,,,,,,,,,,,,,,,,,,,,,,,,,,,,,,,,,,,,,,
ashwin++468@mailmodo.com,AB+468,,,,,,,,,,,,,,,,,,,,,,,,,,,,,,,,,,,,,,
ashwin++469@mailmodo.com,AB+469,,,,,,,,,,,,,,,,,,,,,,,,,,,,,,,,,,,,,,
ashwin++470@mailmodo.com,AB+470,,,,,,,,,,,,,,,,,,,,,,,,,,,,,,,,,,,,,,
ashwin++471@mailmodo.com,AB+471,,,,,,,,,,,,,,,,,,,,,,,,,,,,,,,,,,,,,,
ashwin++472@mailmodo.com,AB+472,,,,,,,,,,,,,,,,,,,,,,,,,,,,,,,,,,,,,,
ashwin++473@mailmodo.com,AB+473,,,,,,,,,,,,,,,,,,,,,,,,,,,,,,,,,,,,,,
ashwin++474@mailmodo.com,AB+474,,,,,,,,,,,,,,,,,,,,,,,,,,,,,,,,,,,,,,
ashwin++475@mailmodo.com,AB+475,,,,,,,,,,,,,,,,,,,,,,,,,,,,,,,,,,,,,,
ashwin++476@mailmodo.com,AB+476,,,,,,,,,,,,,,,,,,,,,,,,,,,,,,,,,,,,,,
ashwin++477@mailmodo.com,AB+477,,,,,,,,,,,,,,,,,,,,,,,,,,,,,,,,,,,,,,
ashwin++478@mailmodo.com,AB+478,,,,,,,,,,,,,,,,,,,,,,,,,,,,,,,,,,,,,,
ashwin++479@mailmodo.com,AB+479,,,,,,,,,,,,,,,,,,,,,,,,,,,,,,,,,,,,,,
ashwin++480@mailmodo.com,AB+480,,,,,,,,,,,,,,,,,,,,,,,,,,,,,,,,,,,,,,
ashwin++481@mailmodo.com,AB+481,,,,,,,,,,,,,,,,,,,,,,,,,,,,,,,,,,,,,,
ashwin++482@mailmodo.com,AB+482,,,,,,,,,,,,,,,,,,,,,,,,,,,,,,,,,,,,,,
ashwin++483@mailmodo.com,AB+483,,,,,,,,,,,,,,,,,,,,,,,,,,,,,,,,,,,,,,
ashwin++484@mailmodo.com,AB+484,,,,,,,,,,,,,,,,,,,,,,,,,,,,,,,,,,,,,,
ashwin++485@mailmodo.com,AB+485,,,,,,,,,,,,,,,,,,,,,,,,,,,,,,,,,,,,,,
ashwin++486@mailmodo.com,AB+486,,,,,,,,,,,,,,,,,,,,,,,,,,,,,,,,,,,,,,
ashwin++487@mailmodo.com,AB+487,,,,,,,,,,,,,,,,,,,,,,,,,,,,,,,,,,,,,,
ashwin++488@mailmodo.com,AB+488,,,,,,,,,,,,,,,,,,,,,,,,,,,,,,,,,,,,,,
ashwin++489@mailmodo.com,AB+489,,,,,,,,,,,,,,,,,,,,,,,,,,,,,,,,,,,,,,
ashwin++490@mailmodo.com,AB+490,,,,,,,,,,,,,,,,,,,,,,,,,,,,,,,,,,,,,,
ashwin++491@mailmodo.com,AB+491,,,,,,,,,,,,,,,,,,,,,,,,,,,,,,,,,,,,,,
ashwin++492@mailmodo.com,AB+492,,,,,,,,,,,,,,,,,,,,,,,,,,,,,,,,,,,,,,
ashwin++493@mailmodo.com,AB+493,,,,,,,,,,,,,,,,,,,,,,,,,,,,,,,,,,,,,,
ashwin++494@mailmodo.com,AB+494,,,,,,,,,,,,,,,,,,,,,,,,,,,,,,,,,,,,,,
ashwin++495@mailmodo.com,AB+495,,,,,,,,,,,,,,,,,,,,,,,,,,,,,,,,,,,,,,
ashwin++496@mailmodo.com,AB+496,,,,,,,,,,,,,,,,,,,,,,,,,,,,,,,,,,,,,,
ashwin++497@mailmodo.com,AB+497,,,,,,,,,,,,,,,,,,,,,,,,,,,,,,,,,,,,,,
ashwin++498@mailmodo.com,AB+498,,,,,,,,,,,,,,,,,,,,,,,,,,,,,,,,,,,,,,
ashwin++499@mailmodo.com,AB+499,,,,,,,,,,,,,,,,,,,,,,,,,,,,,,,,,,,,,,
ashwin++500@mailmodo.com,AB+500,,,,,,,,,,,,,,,,,,,,,,,,,,,,,,,,,,,,,,
ashwin++501@mailmodo.com,AB+501,,,,,,,,,,,,,,,,,,,,,,,,,,,,,,,,,,,,,,
ashwin++502@mailmodo.com,AB+502,,,,,,,,,,,,,,,,,,,,,,,,,,,,,,,,,,,,,,
ashwin++503@mailmodo.com,AB+503,,,,,,,,,,,,,,,,,,,,,,,,,,,,,,,,,,,,,,
ashwin++504@mailmodo.com,AB+504,,,,,,,,,,,,,,,,,,,,,,,,,,,,,,,,,,,,,,
ashwin++505@mailmodo.com,AB+505,,,,,,,,,,,,,,,,,,,,,,,,,,,,,,,,,,,,,,
ashwin++506@mailmodo.com,AB+506,,,,,,,,,,,,,,,,,,,,,,,,,,,,,,,,,,,,,,
ashwin++507@mailmodo.com,AB+507,,,,,,,,,,,,,,,,,,,,,,,,,,,,,,,,,,,,,,
ashwin++508@mailmodo.com,AB+508,,,,,,,,,,,,,,,,,,,,,,,,,,,,,,,,,,,,,,
ashwin++509@mailmodo.com,AB+509,,,,,,,,,,,,,,,,,,,,,,,,,,,,,,,,,,,,,,
ashwin++510@mailmodo.com,AB+510,,,,,,,,,,,,,,,,,,,,,,,,,,,,,,,,,,,,,,
ashwin++511@mailmodo.com,AB+511,,,,,,,,,,,,,,,,,,,,,,,,,,,,,,,,,,,,,,
ashwin++512@mailmodo.com,AB+512,,,,,,,,,,,,,,,,,,,,,,,,,,,,,,,,,,,,,,
ashwin++513@mailmodo.com,AB+513,,,,,,,,,,,,,,,,,,,,,,,,,,,,,,,,,,,,,,
ashwin++514@mailmodo.com,AB+514,,,,,,,,,,,,,,,,,,,,,,,,,,,,,,,,,,,,,,
ashwin++515@mailmodo.com,AB+515,,,,,,,,,,,,,,,,,,,,,,,,,,,,,,,,,,,,,,
ashwin++516@mailmodo.com,AB+516,,,,,,,,,,,,,,,,,,,,,,,,,,,,,,,,,,,,,,
ashwin++517@mailmodo.com,AB+517,,,,,,,,,,,,,,,,,,,,,,,,,,,,,,,,,,,,,,
ashwin++518@mailmodo.com,AB+518,,,,,,,,,,,,,,,,,,,,,,,,,,,,,,,,,,,,,,
ashwin++519@mailmodo.com,AB+519,,,,,,,,,,,,,,,,,,,,,,,,,,,,,,,,,,,,,,
ashwin++520@mailmodo.com,AB+520,,,,,,,,,,,,,,,,,,,,,,,,,,,,,,,,,,,,,,
ashwin++521@mailmodo.com,AB+521,,,,,,,,,,,,,,,,,,,,,,,,,,,,,,,,,,,,,,
ashwin++522@mailmodo.com,AB+522,,,,,,,,,,,,,,,,,,,,,,,,,,,,,,,,,,,,,,
ashwin++523@mailmodo.com,AB+523,,,,,,,,,,,,,,,,,,,,,,,,,,,,,,,,,,,,,,
ashwin++524@mailmodo.com,AB+524,,,,,,,,,,,,,,,,,,,,,,,,,,,,,,,,,,,,,,
ashwin++525@mailmodo.com,AB+525,,,,,,,,,,,,,,,,,,,,,,,,,,,,,,,,,,,,,,
ashwin++526@mailmodo.com,AB+526,,,,,,,,,,,,,,,,,,,,,,,,,,,,,,,,,,,,,,
ashwin++527@mailmodo.com,AB+527,,,,,,,,,,,,,,,,,,,,,,,,,,,,,,,,,,,,,,
ashwin++528@mailmodo.com,AB+528,,,,,,,,,,,,,,,,,,,,,,,,,,,,,,,,,,,,,,
ashwin++529@mailmodo.com,AB+529,,,,,,,,,,,,,,,,,,,,,,,,,,,,,,,,,,,,,,
ashwin++530@mailmodo.com,AB+530,,,,,,,,,,,,,,,,,,,,,,,,,,,,,,,,,,,,,,
ashwin++531@mailmodo.com,AB+531,,,,,,,,,,,,,,,,,,,,,,,,,,,,,,,,,,,,,,
ashwin++532@mailmodo.com,AB+532,,,,,,,,,,,,,,,,,,,,,,,,,,,,,,,,,,,,,,
ashwin++533@mailmodo.com,AB+533,,,,,,,,,,,,,,,,,,,,,,,,,,,,,,,,,,,,,,
ashwin++534@mailmodo.com,AB+534,,,,,,,,,,,,,,,,,,,,,,,,,,,,,,,,,,,,,,
ashwin++535@mailmodo.com,AB+535,,,,,,,,,,,,,,,,,,,,,,,,,,,,,,,,,,,,,,
ashwin++536@mailmodo.com,AB+536,,,,,,,,,,,,,,,,,,,,,,,,,,,,,,,,,,,,,,
ashwin++537@mailmodo.com,AB+537,,,,,,,,,,,,,,,,,,,,,,,,,,,,,,,,,,,,,,
ashwin++538@mailmodo.com,AB+538,,,,,,,,,,,,,,,,,,,,,,,,,,,,,,,,,,,,,,
ashwin++539@mailmodo.com,AB+539,,,,,,,,,,,,,,,,,,,,,,,,,,,,,,,,,,,,,,
ashwin++540@mailmodo.com,AB+540,,,,,,,,,,,,,,,,,,,,,,,,,,,,,,,,,,,,,,
ashwin++541@mailmodo.com,AB+541,,,,,,,,,,,,,,,,,,,,,,,,,,,,,,,,,,,,,,
ashwin++542@mailmodo.com,AB+542,,,,,,,,,,,,,,,,,,,,,,,,,,,,,,,,,,,,,,
ashwin++543@mailmodo.com,AB+543,,,,,,,,,,,,,,,,,,,,,,,,,,,,,,,,,,,,,,
ashwin++544@mailmodo.com,AB+544,,,,,,,,,,,,,,,,,,,,,,,,,,,,,,,,,,,,,,
ashwin++545@mailmodo.com,AB+545,,,,,,,,,,,,,,,,,,,,,,,,,,,,,,,,,,,,,,
ashwin++546@mailmodo.com,AB+546,,,,,,,,,,,,,,,,,,,,,,,,,,,,,,,,,,,,,,
ashwin++547@mailmodo.com,AB+547,,,,,,,,,,,,,,,,,,,,,,,,,,,,,,,,,,,,,,
ashwin++548@mailmodo.com,AB+548,,,,,,,,,,,,,,,,,,,,,,,,,,,,,,,,,,,,,,
ashwin++549@mailmodo.com,AB+549,,,,,,,,,,,,,,,,,,,,,,,,,,,,,,,,,,,,,,
ashwin++550@mailmodo.com,AB+550,,,,,,,,,,,,,,,,,,,,,,,,,,,,,,,,,,,,,,
ashwin++551@mailmodo.com,AB+551,,,,,,,,,,,,,,,,,,,,,,,,,,,,,,,,,,,,,,
ashwin++552@mailmodo.com,AB+552,,,,,,,,,,,,,,,,,,,,,,,,,,,,,,,,,,,,,,
ashwin++553@mailmodo.com,AB+553,,,,,,,,,,,,,,,,,,,,,,,,,,,,,,,,,,,,,,
ashwin++554@mailmodo.com,AB+554,,,,,,,,,,,,,,,,,,,,,,,,,,,,,,,,,,,,,,
ashwin++555@mailmodo.com,AB+555,,,,,,,,,,,,,,,,,,,,,,,,,,,,,,,,,,,,,,
ashwin++556@mailmodo.com,AB+556,,,,,,,,,,,,,,,,,,,,,,,,,,,,,,,,,,,,,,
ashwin++557@mailmodo.com,AB+557,,,,,,,,,,,,,,,,,,,,,,,,,,,,,,,,,,,,,,
ashwin++558@mailmodo.com,AB+558,,,,,,,,,,,,,,,,,,,,,,,,,,,,,,,,,,,,,,
ashwin++559@mailmodo.com,AB+559,,,,,,,,,,,,,,,,,,,,,,,,,,,,,,,,,,,,,,
ashwin++560@mailmodo.com,AB+560,,,,,,,,,,,,,,,,,,,,,,,,,,,,,,,,,,,,,,
ashwin++561@mailmodo.com,AB+561,,,,,,,,,,,,,,,,,,,,,,,,,,,,,,,,,,,,,,
ashwin++562@mailmodo.com,AB+562,,,,,,,,,,,,,,,,,,,,,,,,,,,,,,,,,,,,,,
ashwin++563@mailmodo.com,AB+563,,,,,,,,,,,,,,,,,,,,,,,,,,,,,,,,,,,,,,
ashwin++564@mailmodo.com,AB+564,,,,,,,,,,,,,,,,,,,,,,,,,,,,,,,,,,,,,,
ashwin++565@mailmodo.com,AB+565,,,,,,,,,,,,,,,,,,,,,,,,,,,,,,,,,,,,,,
ashwin++566@mailmodo.com,AB+566,,,,,,,,,,,,,,,,,,,,,,,,,,,,,,,,,,,,,,
ashwin++567@mailmodo.com,AB+567,,,,,,,,,,,,,,,,,,,,,,,,,,,,,,,,,,,,,,
ashwin++568@mailmodo.com,AB+568,,,,,,,,,,,,,,,,,,,,,,,,,,,,,,,,,,,,,,
ashwin++569@mailmodo.com,AB+569,,,,,,,,,,,,,,,,,,,,,,,,,,,,,,,,,,,,,,
ashwin++570@mailmodo.com,AB+570,,,,,,,,,,,,,,,,,,,,,,,,,,,,,,,,,,,,,,
ashwin++571@mailmodo.com,AB+571,,,,,,,,,,,,,,,,,,,,,,,,,,,,,,,,,,,,,,
ashwin++572@mailmodo.com,AB+572,,,,,,,,,,,,,,,,,,,,,,,,,,,,,,,,,,,,,,
ashwin++573@mailmodo.com,AB+573,,,,,,,,,,,,,,,,,,,,,,,,,,,,,,,,,,,,,,
ashwin++574@mailmodo.com,AB+574,,,,,,,,,,,,,,,,,,,,,,,,,,,,,,,,,,,,,,
ashwin++575@mailmodo.com,AB+575,,,,,,,,,,,,,,,,,,,,,,,,,,,,,,,,,,,,,,
ashwin++576@mailmodo.com,AB+576,,,,,,,,,,,,,,,,,,,,,,,,,,,,,,,,,,,,,,
ashwin++577@mailmodo.com,AB+577,,,,,,,,,,,,,,,,,,,,,,,,,,,,,,,,,,,,,,
ashwin++578@mailmodo.com,AB+578,,,,,,,,,,,,,,,,,,,,,,,,,,,,,,,,,,,,,,
ashwin++579@mailmodo.com,AB+579,,,,,,,,,,,,,,,,,,,,,,,,,,,,,,,,,,,,,,
ashwin++580@mailmodo.com,AB+580,,,,,,,,,,,,,,,,,,,,,,,,,,,,,,,,,,,,,,
ashwin++581@mailmodo.com,AB+581,,,,,,,,,,,,,,,,,,,,,,,,,,,,,,,,,,,,,,
ashwin++582@mailmodo.com,AB+582,,,,,,,,,,,,,,,,,,,,,,,,,,,,,,,,,,,,,,
ashwin++583@mailmodo.com,AB+583,,,,,,,,,,,,,,,,,,,,,,,,,,,,,,,,,,,,,,
ashwin++584@mailmodo.com,AB+584,,,,,,,,,,,,,,,,,,,,,,,,,,,,,,,,,,,,,,
ashwin++585@mailmodo.com,AB+585,,,,,,,,,,,,,,,,,,,,,,,,,,,,,,,,,,,,,,
ashwin++586@mailmodo.com,AB+586,,,,,,,,,,,,,,,,,,,,,,,,,,,,,,,,,,,,,,
ashwin++587@mailmodo.com,AB+587,,,,,,,,,,,,,,,,,,,,,,,,,,,,,,,,,,,,,,
ashwin++588@mailmodo.com,AB+588,,,,,,,,,,,,,,,,,,,,,,,,,,,,,,,,,,,,,,
ashwin++589@mailmodo.com,AB+589,,,,,,,,,,,,,,,,,,,,,,,,,,,,,,,,,,,,,,
ashwin++590@mailmodo.com,AB+590,,,,,,,,,,,,,,,,,,,,,,,,,,,,,,,,,,,,,,
ashwin++591@mailmodo.com,AB+591,,,,,,,,,,,,,,,,,,,,,,,,,,,,,,,,,,,,,,
ashwin++592@mailmodo.com,AB+592,,,,,,,,,,,,,,,,,,,,,,,,,,,,,,,,,,,,,,
ashwin++593@mailmodo.com,AB+593,,,,,,,,,,,,,,,,,,,,,,,,,,,,,,,,,,,,,,
ashwin++594@mailmodo.com,AB+594,,,,,,,,,,,,,,,,,,,,,,,,,,,,,,,,,,,,,,
ashwin++595@mailmodo.com,AB+595,,,,,,,,,,,,,,,,,,,,,,,,,,,,,,,,,,,,,,
ashwin++596@mailmodo.com,AB+596,,,,,,,,,,,,,,,,,,,,,,,,,,,,,,,,,,,,,,
ashwin++597@mailmodo.com,AB+597,,,,,,,,,,,,,,,,,,,,,,,,,,,,,,,,,,,,,,
ashwin++598@mailmodo.com,AB+598,,,,,,,,,,,,,,,,,,,,,,,,,,,,,,,,,,,,,,
ashwin++599@mailmodo.com,AB+599,,,,,,,,,,,,,,,,,,,,,,,,,,,,,,,,,,,,,,
ashwin++600@mailmodo.com,AB+600,,,,,,,,,,,,,,,,,,,,,,,,,,,,,,,,,,,,,,
ashwin++601@mailmodo.com,AB+601,,,,,,,,,,,,,,,,,,,,,,,,,,,,,,,,,,,,,,
ashwin++602@mailmodo.com,AB+602,,,,,,,,,,,,,,,,,,,,,,,,,,,,,,,,,,,,,,
ashwin++603@mailmodo.com,AB+603,,,,,,,,,,,,,,,,,,,,,,,,,,,,,,,,,,,,,,
ashwin++604@mailmodo.com,AB+604,,,,,,,,,,,,,,,,,,,,,,,,,,,,,,,,,,,,,,
ashwin++605@mailmodo.com,AB+605,,,,,,,,,,,,,,,,,,,,,,,,,,,,,,,,,,,,,,
ashwin++606@mailmodo.com,AB+606,,,,,,,,,,,,,,,,,,,,,,,,,,,,,,,,,,,,,,
ashwin++607@mailmodo.com,AB+607,,,,,,,,,,,,,,,,,,,,,,,,,,,,,,,,,,,,,,
ashwin++608@mailmodo.com,AB+608,,,,,,,,,,,,,,,,,,,,,,,,,,,,,,,,,,,,,,
ashwin++609@mailmodo.com,AB+609,,,,,,,,,,,,,,,,,,,,,,,,,,,,,,,,,,,,,,
ashwin++610@mailmodo.com,AB+610,,,,,,,,,,,,,,,,,,,,,,,,,,,,,,,,,,,,,,
ashwin++611@mailmodo.com,AB+611,,,,,,,,,,,,,,,,,,,,,,,,,,,,,,,,,,,,,,
ashwin++612@mailmodo.com,AB+612,,,,,,,,,,,,,,,,,,,,,,,,,,,,,,,,,,,,,,
ashwin++613@mailmodo.com,AB+613,,,,,,,,,,,,,,,,,,,,,,,,,,,,,,,,,,,,,,
ashwin++614@mailmodo.com,AB+614,,,,,,,,,,,,,,,,,,,,,,,,,,,,,,,,,,,,,,
ashwin++615@mailmodo.com,AB+615,,,,,,,,,,,,,,,,,,,,,,,,,,,,,,,,,,,,,,
ashwin++616@mailmodo.com,AB+616,,,,,,,,,,,,,,,,,,,,,,,,,,,,,,,,,,,,,,
ashwin++617@mailmodo.com,AB+617,,,,,,,,,,,,,,,,,,,,,,,,,,,,,,,,,,,,,,
ashwin++618@mailmodo.com,AB+618,,,,,,,,,,,,,,,,,,,,,,,,,,,,,,,,,,,,,,
ashwin++619@mailmodo.com,AB+619,,,,,,,,,,,,,,,,,,,,,,,,,,,,,,,,,,,,,,
ashwin++620@mailmodo.com,AB+620,,,,,,,,,,,,,,,,,,,,,,,,,,,,,,,,,,,,,,
ashwin++621@mailmodo.com,AB+621,,,,,,,,,,,,,,,,,,,,,,,,,,,,,,,,,,,,,,
ashwin++622@mailmodo.com,AB+622,,,,,,,,,,,,,,,,,,,,,,,,,,,,,,,,,,,,,,
ashwin++623@mailmodo.com,AB+623,,,,,,,,,,,,,,,,,,,,,,,,,,,,,,,,,,,,,,
ashwin++624@mailmodo.com,AB+624,,,,,,,,,,,,,,,,,,,,,,,,,,,,,,,,,,,,,,
ashwin++625@mailmodo.com,AB+625,,,,,,,,,,,,,,,,,,,,,,,,,,,,,,,,,,,,,,
ashwin++626@mailmodo.com,AB+626,,,,,,,,,,,,,,,,,,,,,,,,,,,,,,,,,,,,,,
ashwin++627@mailmodo.com,AB+627,,,,,,,,,,,,,,,,,,,,,,,,,,,,,,,,,,,,,,
ashwin++628@mailmodo.com,AB+628,,,,,,,,,,,,,,,,,,,,,,,,,,,,,,,,,,,,,,
ashwin++629@mailmodo.com,AB+629,,,,,,,,,,,,,,,,,,,,,,,,,,,,,,,,,,,,,,
ashwin++630@mailmodo.com,AB+630,,,,,,,,,,,,,,,,,,,,,,,,,,,,,,,,,,,,,,
ashwin++631@mailmodo.com,AB+631,,,,,,,,,,,,,,,,,,,,,,,,,,,,,,,,,,,,,,
ashwin++632@mailmodo.com,AB+632,,,,,,,,,,,,,,,,,,,,,,,,,,,,,,,,,,,,,,
ashwin++633@mailmodo.com,AB+633,,,,,,,,,,,,,,,,,,,,,,,,,,,,,,,,,,,,,,
ashwin++634@mailmodo.com,AB+634,,,,,,,,,,,,,,,,,,,,,,,,,,,,,,,,,,,,,,
ashwin++635@mailmodo.com,AB+635,,,,,,,,,,,,,,,,,,,,,,,,,,,,,,,,,,,,,,
ashwin++636@mailmodo.com,AB+636,,,,,,,,,,,,,,,,,,,,,,,,,,,,,,,,,,,,,,
ashwin++637@mailmodo.com,AB+637,,,,,,,,,,,,,,,,,,,,,,,,,,,,,,,,,,,,,,
ashwin++638@mailmodo.com,AB+638,,,,,,,,,,,,,,,,,,,,,,,,,,,,,,,,,,,,,,
ashwin++639@mailmodo.com,AB+639,,,,,,,,,,,,,,,,,,,,,,,,,,,,,,,,,,,,,,
ashwin++640@mailmodo.com,AB+640,,,,,,,,,,,,,,,,,,,,,,,,,,,,,,,,,,,,,,
ashwin++641@mailmodo.com,AB+641,,,,,,,,,,,,,,,,,,,,,,,,,,,,,,,,,,,,,,
ashwin++642@mailmodo.com,AB+642,,,,,,,,,,,,,,,,,,,,,,,,,,,,,,,,,,,,,,
ashwin++643@mailmodo.com,AB+643,,,,,,,,,,,,,,,,,,,,,,,,,,,,,,,,,,,,,,
ashwin++644@mailmodo.com,AB+644,,,,,,,,,,,,,,,,,,,,,,,,,,,,,,,,,,,,,,
ashwin++645@mailmodo.com,AB+645,,,,,,,,,,,,,,,,,,,,,,,,,,,,,,,,,,,,,,
ashwin++646@mailmodo.com,AB+646,,,,,,,,,,,,,,,,,,,,,,,,,,,,,,,,,,,,,,
ashwin++647@mailmodo.com,AB+647,,,,,,,,,,,,,,,,,,,,,,,,,,,,,,,,,,,,,,
ashwin++648@mailmodo.com,AB+648,,,,,,,,,,,,,,,,,,,,,,,,,,,,,,,,,,,,,,
ashwin++649@mailmodo.com,AB+649,,,,,,,,,,,,,,,,,,,,,,,,,,,,,,,,,,,,,,
ashwin++650@mailmodo.com,AB+650,,,,,,,,,,,,,,,,,,,,,,,,,,,,,,,,,,,,,,
ashwin++651@mailmodo.com,AB+651,,,,,,,,,,,,,,,,,,,,,,,,,,,,,,,,,,,,,,
ashwin++652@mailmodo.com,AB+652,,,,,,,,,,,,,,,,,,,,,,,,,,,,,,,,,,,,,,
ashwin++653@mailmodo.com,AB+653,,,,,,,,,,,,,,,,,,,,,,,,,,,,,,,,,,,,,,
ashwin++654@mailmodo.com,AB+654,,,,,,,,,,,,,,,,,,,,,,,,,,,,,,,,,,,,,,
ashwin++655@mailmodo.com,AB+655,,,,,,,,,,,,,,,,,,,,,,,,,,,,,,,,,,,,,,
ashwin++656@mailmodo.com,AB+656,,,,,,,,,,,,,,,,,,,,,,,,,,,,,,,,,,,,,,
ashwin++657@mailmodo.com,AB+657,,,,,,,,,,,,,,,,,,,,,,,,,,,,,,,,,,,,,,
ashwin++658@mailmodo.com,AB+658,,,,,,,,,,,,,,,,,,,,,,,,,,,,,,,,,,,,,,
ashwin++659@mailmodo.com,AB+659,,,,,,,,,,,,,,,,,,,,,,,,,,,,,,,,,,,,,,
ashwin++660@mailmodo.com,AB+660,,,,,,,,,,,,,,,,,,,,,,,,,,,,,,,,,,,,,,
ashwin++661@mailmodo.com,AB+661,,,,,,,,,,,,,,,,,,,,,,,,,,,,,,,,,,,,,,
ashwin++662@mailmodo.com,AB+662,,,,,,,,,,,,,,,,,,,,,,,,,,,,,,,,,,,,,,
ashwin++663@mailmodo.com,AB+663,,,,,,,,,,,,,,,,,,,,,,,,,,,,,,,,,,,,,,
ashwin++664@mailmodo.com,AB+664,,,,,,,,,,,,,,,,,,,,,,,,,,,,,,,,,,,,,,
ashwin++665@mailmodo.com,AB+665,,,,,,,,,,,,,,,,,,,,,,,,,,,,,,,,,,,,,,
ashwin++666@mailmodo.com,AB+666,,,,,,,,,,,,,,,,,,,,,,,,,,,,,,,,,,,,,,
ashwin++667@mailmodo.com,AB+667,,,,,,,,,,,,,,,,,,,,,,,,,,,,,,,,,,,,,,
ashwin++668@mailmodo.com,AB+668,,,,,,,,,,,,,,,,,,,,,,,,,,,,,,,,,,,,,,
ashwin++669@mailmodo.com,AB+669,,,,,,,,,,,,,,,,,,,,,,,,,,,,,,,,,,,,,,
ashwin++670@mailmodo.com,AB+670,,,,,,,,,,,,,,,,,,,,,,,,,,,,,,,,,,,,,,
ashwin++671@mailmodo.com,AB+671,,,,,,,,,,,,,,,,,,,,,,,,,,,,,,,,,,,,,,
ashwin++672@mailmodo.com,AB+672,,,,,,,,,,,,,,,,,,,,,,,,,,,,,,,,,,,,,,
ashwin++673@mailmodo.com,AB+673,,,,,,,,,,,,,,,,,,,,,,,,,,,,,,,,,,,,,,
ashwin++674@mailmodo.com,AB+674,,,,,,,,,,,,,,,,,,,,,,,,,,,,,,,,,,,,,,
ashwin++675@mailmodo.com,AB+675,,,,,,,,,,,,,,,,,,,,,,,,,,,,,,,,,,,,,,
ashwin++676@mailmodo.com,AB+676,,,,,,,,,,,,,,,,,,,,,,,,,,,,,,,,,,,,,,
ashwin++677@mailmodo.com,AB+677,,,,,,,,,,,,,,,,,,,,,,,,,,,,,,,,,,,,,,
ashwin++678@mailmodo.com,AB+678,,,,,,,,,,,,,,,,,,,,,,,,,,,,,,,,,,,,,,
ashwin++679@mailmodo.com,AB+679,,,,,,,,,,,,,,,,,,,,,,,,,,,,,,,,,,,,,,
ashwin++680@mailmodo.com,AB+680,,,,,,,,,,,,,,,,,,,,,,,,,,,,,,,,,,,,,,
ashwin++681@mailmodo.com,AB+681,,,,,,,,,,,,,,,,,,,,,,,,,,,,,,,,,,,,,,
ashwin++682@mailmodo.com,AB+682,,,,,,,,,,,,,,,,,,,,,,,,,,,,,,,,,,,,,,
ashwin++683@mailmodo.com,AB+683,,,,,,,,,,,,,,,,,,,,,,,,,,,,,,,,,,,,,,
ashwin++684@mailmodo.com,AB+684,,,,,,,,,,,,,,,,,,,,,,,,,,,,,,,,,,,,,,
ashwin++685@mailmodo.com,AB+685,,,,,,,,,,,,,,,,,,,,,,,,,,,,,,,,,,,,,,
ashwin++686@mailmodo.com,AB+686,,,,,,,,,,,,,,,,,,,,,,,,,,,,,,,,,,,,,,
ashwin++687@mailmodo.com,AB+687,,,,,,,,,,,,,,,,,,,,,,,,,,,,,,,,,,,,,,
ashwin++688@mailmodo.com,AB+688,,,,,,,,,,,,,,,,,,,,,,,,,,,,,,,,,,,,,,
ashwin++689@mailmodo.com,AB+689,,,,,,,,,,,,,,,,,,,,,,,,,,,,,,,,,,,,,,
ashwin++690@mailmodo.com,AB+690,,,,,,,,,,,,,,,,,,,,,,,,,,,,,,,,,,,,,,
ashwin++691@mailmodo.com,AB+691,,,,,,,,,,,,,,,,,,,,,,,,,,,,,,,,,,,,,,
ashwin++692@mailmodo.com,AB+692,,,,,,,,,,,,,,,,,,,,,,,,,,,,,,,,,,,,,,
ashwin++693@mailmodo.com,AB+693,,,,,,,,,,,,,,,,,,,,,,,,,,,,,,,,,,,,,,
ashwin++694@mailmodo.com,AB+694,,,,,,,,,,,,,,,,,,,,,,,,,,,,,,,,,,,,,,
ashwin++695@mailmodo.com,AB+695,,,,,,,,,,,,,,,,,,,,,,,,,,,,,,,,,,,,,,
ashwin++696@mailmodo.com,AB+696,,,,,,,,,,,,,,,,,,,,,,,,,,,,,,,,,,,,,,
ashwin++697@mailmodo.com,AB+697,,,,,,,,,,,,,,,,,,,,,,,,,,,,,,,,,,,,,,
ashwin++698@mailmodo.com,AB+698,,,,,,,,,,,,,,,,,,,,,,,,,,,,,,,,,,,,,,
ashwin++699@mailmodo.com,AB+699,,,,,,,,,,,,,,,,,,,,,,,,,,,,,,,,,,,,,,
ashwin++700@mailmodo.com,AB+700,,,,,,,,,,,,,,,,,,,,,,,,,,,,,,,,,,,,,,
ashwin++701@mailmodo.com,AB+701,,,,,,,,,,,,,,,,,,,,,,,,,,,,,,,,,,,,,,
ashwin++702@mailmodo.com,AB+702,,,,,,,,,,,,,,,,,,,,,,,,,,,,,,,,,,,,,,
ashwin++703@mailmodo.com,AB+703,,,,,,,,,,,,,,,,,,,,,,,,,,,,,,,,,,,,,,
ashwin++704@mailmodo.com,AB+704,,,,,,,,,,,,,,,,,,,,,,,,,,,,,,,,,,,,,,
ashwin++705@mailmodo.com,AB+705,,,,,,,,,,,,,,,,,,,,,,,,,,,,,,,,,,,,,,
ashwin++706@mailmodo.com,AB+706,,,,,,,,,,,,,,,,,,,,,,,,,,,,,,,,,,,,,,
ashwin++707@mailmodo.com,AB+707,,,,,,,,,,,,,,,,,,,,,,,,,,,,,,,,,,,,,,
ashwin++708@mailmodo.com,AB+708,,,,,,,,,,,,,,,,,,,,,,,,,,,,,,,,,,,,,,
ashwin++709@mailmodo.com,AB+709,,,,,,,,,,,,,,,,,,,,,,,,,,,,,,,,,,,,,,
ashwin++710@mailmodo.com,AB+710,,,,,,,,,,,,,,,,,,,,,,,,,,,,,,,,,,,,,,
ashwin++711@mailmodo.com,AB+711,,,,,,,,,,,,,,,,,,,,,,,,,,,,,,,,,,,,,,
ashwin++712@mailmodo.com,AB+712,,,,,,,,,,,,,,,,,,,,,,,,,,,,,,,,,,,,,,
ashwin++713@mailmodo.com,AB+713,,,,,,,,,,,,,,,,,,,,,,,,,,,,,,,,,,,,,,
ashwin++714@mailmodo.com,AB+714,,,,,,,,,,,,,,,,,,,,,,,,,,,,,,,,,,,,,,
ashwin++715@mailmodo.com,AB+715,,,,,,,,,,,,,,,,,,,,,,,,,,,,,,,,,,,,,,
ashwin++716@mailmodo.com,AB+716,,,,,,,,,,,,,,,,,,,,,,,,,,,,,,,,,,,,,,
ashwin++717@mailmodo.com,AB+717,,,,,,,,,,,,,,,,,,,,,,,,,,,,,,,,,,,,,,
ashwin++718@mailmodo.com,AB+718,,,,,,,,,,,,,,,,,,,,,,,,,,,,,,,,,,,,,,
ashwin++719@mailmodo.com,AB+719,,,,,,,,,,,,,,,,,,,,,,,,,,,,,,,,,,,,,,
ashwin++720@mailmodo.com,AB+720,,,,,,,,,,,,,,,,,,,,,,,,,,,,,,,,,,,,,,
ashwin++721@mailmodo.com,AB+721,,,,,,,,,,,,,,,,,,,,,,,,,,,,,,,,,,,,,,
ashwin++722@mailmodo.com,AB+722,,,,,,,,,,,,,,,,,,,,,,,,,,,,,,,,,,,,,,
ashwin++723@mailmodo.com,AB+723,,,,,,,,,,,,,,,,,,,,,,,,,,,,,,,,,,,,,,
ashwin++724@mailmodo.com,AB+724,,,,,,,,,,,,,,,,,,,,,,,,,,,,,,,,,,,,,,
ashwin++725@mailmodo.com,AB+725,,,,,,,,,,,,,,,,,,,,,,,,,,,,,,,,,,,,,,
ashwin++726@mailmodo.com,AB+726,,,,,,,,,,,,,,,,,,,,,,,,,,,,,,,,,,,,,,
ashwin++727@mailmodo.com,AB+727,,,,,,,,,,,,,,,,,,,,,,,,,,,,,,,,,,,,,,
ashwin++728@mailmodo.com,AB+728,,,,,,,,,,,,,,,,,,,,,,,,,,,,,,,,,,,,,,
ashwin++729@mailmodo.com,AB+729,,,,,,,,,,,,,,,,,,,,,,,,,,,,,,,,,,,,,,
ashwin++730@mailmodo.com,AB+730,,,,,,,,,,,,,,,,,,,,,,,,,,,,,,,,,,,,,,
ashwin++731@mailmodo.com,AB+731,,,,,,,,,,,,,,,,,,,,,,,,,,,,,,,,,,,,,,
ashwin++732@mailmodo.com,AB+732,,,,,,,,,,,,,,,,,,,,,,,,,,,,,,,,,,,,,,
ashwin++733@mailmodo.com,AB+733,,,,,,,,,,,,,,,,,,,,,,,,,,,,,,,,,,,,,,
ashwin++734@mailmodo.com,AB+734,,,,,,,,,,,,,,,,,,,,,,,,,,,,,,,,,,,,,,
ashwin++735@mailmodo.com,AB+735,,,,,,,,,,,,,,,,,,,,,,,,,,,,,,,,,,,,,,
ashwin++736@mailmodo.com,AB+736,,,,,,,,,,,,,,,,,,,,,,,,,,,,,,,,,,,,,,
ashwin++737@mailmodo.com,AB+737,,,,,,,,,,,,,,,,,,,,,,,,,,,,,,,,,,,,,,
ashwin++738@mailmodo.com,AB+738,,,,,,,,,,,,,,,,,,,,,,,,,,,,,,,,,,,,,,
ashwin++739@mailmodo.com,AB+739,,,,,,,,,,,,,,,,,,,,,,,,,,,,,,,,,,,,,,
ashwin++740@mailmodo.com,AB+740,,,,,,,,,,,,,,,,,,,,,,,,,,,,,,,,,,,,,,
ashwin++741@mailmodo.com,AB+741,,,,,,,,,,,,,,,,,,,,,,,,,,,,,,,,,,,,,,
ashwin++742@mailmodo.com,AB+742,,,,,,,,,,,,,,,,,,,,,,,,,,,,,,,,,,,,,,
ashwin++743@mailmodo.com,AB+743,,,,,,,,,,,,,,,,,,,,,,,,,,,,,,,,,,,,,,
ashwin++744@mailmodo.com,AB+744,,,,,,,,,,,,,,,,,,,,,,,,,,,,,,,,,,,,,,
ashwin++745@mailmodo.com,AB+745,,,,,,,,,,,,,,,,,,,,,,,,,,,,,,,,,,,,,,
ashwin++746@mailmodo.com,AB+746,,,,,,,,,,,,,,,,,,,,,,,,,,,,,,,,,,,,,,
ashwin++747@mailmodo.com,AB+747,,,,,,,,,,,,,,,,,,,,,,,,,,,,,,,,,,,,,,
ashwin++748@mailmodo.com,AB+748,,,,,,,,,,,,,,,,,,,,,,,,,,,,,,,,,,,,,,
ashwin++749@mailmodo.com,AB+749,,,,,,,,,,,,,,,,,,,,,,,,,,,,,,,,,,,,,,
ashwin++750@mailmodo.com,AB+750,,,,,,,,,,,,,,,,,,,,,,,,,,,,,,,,,,,,,,
ashwin++751@mailmodo.com,AB+751,,,,,,,,,,,,,,,,,,,,,,,,,,,,,,,,,,,,,,
ashwin++752@mailmodo.com,AB+752,,,,,,,,,,,,,,,,,,,,,,,,,,,,,,,,,,,,,,
ashwin++753@mailmodo.com,AB+753,,,,,,,,,,,,,,,,,,,,,,,,,,,,,,,,,,,,,,
ashwin++754@mailmodo.com,AB+754,,,,,,,,,,,,,,,,,,,,,,,,,,,,,,,,,,,,,,
ashwin++755@mailmodo.com,AB+755,,,,,,,,,,,,,,,,,,,,,,,,,,,,,,,,,,,,,,
ashwin++756@mailmodo.com,AB+756,,,,,,,,,,,,,,,,,,,,,,,,,,,,,,,,,,,,,,
ashwin++757@mailmodo.com,AB+757,,,,,,,,,,,,,,,,,,,,,,,,,,,,,,,,,,,,,,
ashwin++758@mailmodo.com,AB+758,,,,,,,,,,,,,,,,,,,,,,,,,,,,,,,,,,,,,,
ashwin++759@mailmodo.com,AB+759,,,,,,,,,,,,,,,,,,,,,,,,,,,,,,,,,,,,,,
ashwin++760@mailmodo.com,AB+760,,,,,,,,,,,,,,,,,,,,,,,,,,,,,,,,,,,,,,
ashwin++761@mailmodo.com,AB+761,,,,,,,,,,,,,,,,,,,,,,,,,,,,,,,,,,,,,,
ashwin++762@mailmodo.com,AB+762,,,,,,,,,,,,,,,,,,,,,,,,,,,,,,,,,,,,,,
ashwin++763@mailmodo.com,AB+763,,,,,,,,,,,,,,,,,,,,,,,,,,,,,,,,,,,,,,
ashwin++764@mailmodo.com,AB+764,,,,,,,,,,,,,,,,,,,,,,,,,,,,,,,,,,,,,,
ashwin++765@mailmodo.com,AB+765,,,,,,,,,,,,,,,,,,,,,,,,,,,,,,,,,,,,,,
ashwin++766@mailmodo.com,AB+766,,,,,,,,,,,,,,,,,,,,,,,,,,,,,,,,,,,,,,
ashwin++767@mailmodo.com,AB+767,,,,,,,,,,,,,,,,,,,,,,,,,,,,,,,,,,,,,,
ashwin++768@mailmodo.com,AB+768,,,,,,,,,,,,,,,,,,,,,,,,,,,,,,,,,,,,,,
ashwin++769@mailmodo.com,AB+769,,,,,,,,,,,,,,,,,,,,,,,,,,,,,,,,,,,,,,
ashwin++770@mailmodo.com,AB+770,,,,,,,,,,,,,,,,,,,,,,,,,,,,,,,,,,,,,,
ashwin++771@mailmodo.com,AB+771,,,,,,,,,,,,,,,,,,,,,,,,,,,,,,,,,,,,,,
ashwin++772@mailmodo.com,AB+772,,,,,,,,,,,,,,,,,,,,,,,,,,,,,,,,,,,,,,
ashwin++773@mailmodo.com,AB+773,,,,,,,,,,,,,,,,,,,,,,,,,,,,,,,,,,,,,,
ashwin++774@mailmodo.com,AB+774,,,,,,,,,,,,,,,,,,,,,,,,,,,,,,,,,,,,,,
ashwin++775@mailmodo.com,AB+775,,,,,,,,,,,,,,,,,,,,,,,,,,,,,,,,,,,,,,
ashwin++776@mailmodo.com,AB+776,,,,,,,,,,,,,,,,,,,,,,,,,,,,,,,,,,,,,,
ashwin++777@mailmodo.com,AB+777,,,,,,,,,,,,,,,,,,,,,,,,,,,,,,,,,,,,,,
ashwin++778@mailmodo.com,AB+778,,,,,,,,,,,,,,,,,,,,,,,,,,,,,,,,,,,,,,
ashwin++779@mailmodo.com,AB+779,,,,,,,,,,,,,,,,,,,,,,,,,,,,,,,,,,,,,,
ashwin++780@mailmodo.com,AB+780,,,,,,,,,,,,,,,,,,,,,,,,,,,,,,,,,,,,,,
ashwin++781@mailmodo.com,AB+781,,,,,,,,,,,,,,,,,,,,,,,,,,,,,,,,,,,,,,
ashwin++782@mailmodo.com,AB+782,,,,,,,,,,,,,,,,,,,,,,,,,,,,,,,,,,,,,,
ashwin++783@mailmodo.com,AB+783,,,,,,,,,,,,,,,,,,,,,,,,,,,,,,,,,,,,,,
ashwin++784@mailmodo.com,AB+784,,,,,,,,,,,,,,,,,,,,,,,,,,,,,,,,,,,,,,
ashwin++785@mailmodo.com,AB+785,,,,,,,,,,,,,,,,,,,,,,,,,,,,,,,,,,,,,,
ashwin++786@mailmodo.com,AB+786,,,,,,,,,,,,,,,,,,,,,,,,,,,,,,,,,,,,,,
ashwin++787@mailmodo.com,AB+787,,,,,,,,,,,,,,,,,,,,,,,,,,,,,,,,,,,,,,
ashwin++788@mailmodo.com,AB+788,,,,,,,,,,,,,,,,,,,,,,,,,,,,,,,,,,,,,,
ashwin++789@mailmodo.com,AB+789,,,,,,,,,,,,,,,,,,,,,,,,,,,,,,,,,,,,,,
ashwin++790@mailmodo.com,AB+790,,,,,,,,,,,,,,,,,,,,,,,,,,,,,,,,,,,,,,
ashwin++791@mailmodo.com,AB+791,,,,,,,,,,,,,,,,,,,,,,,,,,,,,,,,,,,,,,
ashwin++792@mailmodo.com,AB+792,,,,,,,,,,,,,,,,,,,,,,,,,,,,,,,,,,,,,,
ashwin++793@mailmodo.com,AB+793,,,,,,,,,,,,,,,,,,,,,,,,,,,,,,,,,,,,,,
ashwin++794@mailmodo.com,AB+794,,,,,,,,,,,,,,,,,,,,,,,,,,,,,,,,,,,,,,
ashwin++795@mailmodo.com,AB+795,,,,,,,,,,,,,,,,,,,,,,,,,,,,,,,,,,,,,,
ashwin++796@mailmodo.com,AB+796,,,,,,,,,,,,,,,,,,,,,,,,,,,,,,,,,,,,,,
ashwin++797@mailmodo.com,AB+797,,,,,,,,,,,,,,,,,,,,,,,,,,,,,,,,,,,,,,
ashwin++798@mailmodo.com,AB+798,,,,,,,,,,,,,,,,,,,,,,,,,,,,,,,,,,,,,,
ashwin++799@mailmodo.com,AB+799,,,,,,,,,,,,,,,,,,,,,,,,,,,,,,,,,,,,,,
ashwin++800@mailmodo.com,AB+800,,,,,,,,,,,,,,,,,,,,,,,,,,,,,,,,,,,,,,
ashwin++801@mailmodo.com,AB+801,,,,,,,,,,,,,,,,,,,,,,,,,,,,,,,,,,,,,,
ashwin++802@mailmodo.com,AB+802,,,,,,,,,,,,,,,,,,,,,,,,,,,,,,,,,,,,,,
ashwin++803@mailmodo.com,AB+803,,,,,,,,,,,,,,,,,,,,,,,,,,,,,,,,,,,,,,
ashwin++804@mailmodo.com,AB+804,,,,,,,,,,,,,,,,,,,,,,,,,,,,,,,,,,,,,,
ashwin++805@mailmodo.com,AB+805,,,,,,,,,,,,,,,,,,,,,,,,,,,,,,,,,,,,,,
ashwin++806@mailmodo.com,AB+806,,,,,,,,,,,,,,,,,,,,,,,,,,,,,,,,,,,,,,
ashwin++807@mailmodo.com,AB+807,,,,,,,,,,,,,,,,,,,,,,,,,,,,,,,,,,,,,,
ashwin++808@mailmodo.com,AB+808,,,,,,,,,,,,,,,,,,,,,,,,,,,,,,,,,,,,,,
ashwin++809@mailmodo.com,AB+809,,,,,,,,,,,,,,,,,,,,,,,,,,,,,,,,,,,,,,
ashwin++810@mailmodo.com,AB+810,,,,,,,,,,,,,,,,,,,,,,,,,,,,,,,,,,,,,,
ashwin++811@mailmodo.com,AB+811,,,,,,,,,,,,,,,,,,,,,,,,,,,,,,,,,,,,,,
ashwin++812@mailmodo.com,AB+812,,,,,,,,,,,,,,,,,,,,,,,,,,,,,,,,,,,,,,
ashwin++813@mailmodo.com,AB+813,,,,,,,,,,,,,,,,,,,,,,,,,,,,,,,,,,,,,,
ashwin++814@mailmodo.com,AB+814,,,,,,,,,,,,,,,,,,,,,,,,,,,,,,,,,,,,,,
ashwin++815@mailmodo.com,AB+815,,,,,,,,,,,,,,,,,,,,,,,,,,,,,,,,,,,,,,
ashwin++816@mailmodo.com,AB+816,,,,,,,,,,,,,,,,,,,,,,,,,,,,,,,,,,,,,,
ashwin++817@mailmodo.com,AB+817,,,,,,,,,,,,,,,,,,,,,,,,,,,,,,,,,,,,,,
ashwin++818@mailmodo.com,AB+818,,,,,,,,,,,,,,,,,,,,,,,,,,,,,,,,,,,,,,
ashwin++819@mailmodo.com,AB+819,,,,,,,,,,,,,,,,,,,,,,,,,,,,,,,,,,,,,,
ashwin++820@mailmodo.com,AB+820,,,,,,,,,,,,,,,,,,,,,,,,,,,,,,,,,,,,,,
ashwin++821@mailmodo.com,AB+821,,,,,,,,,,,,,,,,,,,,,,,,,,,,,,,,,,,,,,
ashwin++822@mailmodo.com,AB+822,,,,,,,,,,,,,,,,,,,,,,,,,,,,,,,,,,,,,,
ashwin++823@mailmodo.com,AB+823,,,,,,,,,,,,,,,,,,,,,,,,,,,,,,,,,,,,,,
ashwin++824@mailmodo.com,AB+824,,,,,,,,,,,,,,,,,,,,,,,,,,,,,,,,,,,,,,
ashwin++825@mailmodo.com,AB+825,,,,,,,,,,,,,,,,,,,,,,,,,,,,,,,,,,,,,,
ashwin++826@mailmodo.com,AB+826,,,,,,,,,,,,,,,,,,,,,,,,,,,,,,,,,,,,,,
ashwin++827@mailmodo.com,AB+827,,,,,,,,,,,,,,,,,,,,,,,,,,,,,,,,,,,,,,
ashwin++828@mailmodo.com,AB+828,,,,,,,,,,,,,,,,,,,,,,,,,,,,,,,,,,,,,,
ashwin++829@mailmodo.com,AB+829,,,,,,,,,,,,,,,,,,,,,,,,,,,,,,,,,,,,,,
ashwin++830@mailmodo.com,AB+830,,,,,,,,,,,,,,,,,,,,,,,,,,,,,,,,,,,,,,
ashwin++831@mailmodo.com,AB+831,,,,,,,,,,,,,,,,,,,,,,,,,,,,,,,,,,,,,,
ashwin++832@mailmodo.com,AB+832,,,,,,,,,,,,,,,,,,,,,,,,,,,,,,,,,,,,,,
ashwin++833@mailmodo.com,AB+833,,,,,,,,,,,,,,,,,,,,,,,,,,,,,,,,,,,,,,
ashwin++834@mailmodo.com,AB+834,,,,,,,,,,,,,,,,,,,,,,,,,,,,,,,,,,,,,,
ashwin++835@mailmodo.com,AB+835,,,,,,,,,,,,,,,,,,,,,,,,,,,,,,,,,,,,,,
ashwin++836@mailmodo.com,AB+836,,,,,,,,,,,,,,,,,,,,,,,,,,,,,,,,,,,,,,
ashwin++837@mailmodo.com,AB+837,,,,,,,,,,,,,,,,,,,,,,,,,,,,,,,,,,,,,,
ashwin++838@mailmodo.com,AB+838,,,,,,,,,,,,,,,,,,,,,,,,,,,,,,,,,,,,,,
ashwin++839@mailmodo.com,AB+839,,,,,,,,,,,,,,,,,,,,,,,,,,,,,,,,,,,,,,
ashwin++840@mailmodo.com,AB+840,,,,,,,,,,,,,,,,,,,,,,,,,,,,,,,,,,,,,,
ashwin++841@mailmodo.com,AB+841,,,,,,,,,,,,,,,,,,,,,,,,,,,,,,,,,,,,,,
ashwin++842@mailmodo.com,AB+842,,,,,,,,,,,,,,,,,,,,,,,,,,,,,,,,,,,,,,
ashwin++843@mailmodo.com,AB+843,,,,,,,,,,,,,,,,,,,,,,,,,,,,,,,,,,,,,,
ashwin++844@mailmodo.com,AB+844,,,,,,,,,,,,,,,,,,,,,,,,,,,,,,,,,,,,,,
ashwin++845@mailmodo.com,AB+845,,,,,,,,,,,,,,,,,,,,,,,,,,,,,,,,,,,,,,
ashwin++846@mailmodo.com,AB+846,,,,,,,,,,,,,,,,,,,,,,,,,,,,,,,,,,,,,,
ashwin++847@mailmodo.com,AB+847,,,,,,,,,,,,,,,,,,,,,,,,,,,,,,,,,,,,,,
ashwin++848@mailmodo.com,AB+848,,,,,,,,,,,,,,,,,,,,,,,,,,,,,,,,,,,,,,
ashwin++849@mailmodo.com,AB+849,,,,,,,,,,,,,,,,,,,,,,,,,,,,,,,,,,,,,,
ashwin++850@mailmodo.com,AB+850,,,,,,,,,,,,,,,,,,,,,,,,,,,,,,,,,,,,,,
ashwin++851@mailmodo.com,AB+851,,,,,,,,,,,,,,,,,,,,,,,,,,,,,,,,,,,,,,
ashwin++852@mailmodo.com,AB+852,,,,,,,,,,,,,,,,,,,,,,,,,,,,,,,,,,,,,,
ashwin++853@mailmodo.com,AB+853,,,,,,,,,,,,,,,,,,,,,,,,,,,,,,,,,,,,,,
ashwin++854@mailmodo.com,AB+854,,,,,,,,,,,,,,,,,,,,,,,,,,,,,,,,,,,,,,
ashwin++855@mailmodo.com,AB+855,,,,,,,,,,,,,,,,,,,,,,,,,,,,,,,,,,,,,,
ashwin++856@mailmodo.com,AB+856,,,,,,,,,,,,,,,,,,,,,,,,,,,,,,,,,,,,,,
ashwin++857@mailmodo.com,AB+857,,,,,,,,,,,,,,,,,,,,,,,,,,,,,,,,,,,,,,
ashwin++858@mailmodo.com,AB+858,,,,,,,,,,,,,,,,,,,,,,,,,,,,,,,,,,,,,,
ashwin++859@mailmodo.com,AB+859,,,,,,,,,,,,,,,,,,,,,,,,,,,,,,,,,,,,,,
ashwin++860@mailmodo.com,AB+860,,,,,,,,,,,,,,,,,,,,,,,,,,,,,,,,,,,,,,
ashwin++861@mailmodo.com,AB+861,,,,,,,,,,,,,,,,,,,,,,,,,,,,,,,,,,,,,,
ashwin++862@mailmodo.com,AB+862,,,,,,,,,,,,,,,,,,,,,,,,,,,,,,,,,,,,,,
ashwin++863@mailmodo.com,AB+863,,,,,,,,,,,,,,,,,,,,,,,,,,,,,,,,,,,,,,
ashwin++864@mailmodo.com,AB+864,,,,,,,,,,,,,,,,,,,,,,,,,,,,,,,,,,,,,,
ashwin++865@mailmodo.com,AB+865,,,,,,,,,,,,,,,,,,,,,,,,,,,,,,,,,,,,,,
ashwin++866@mailmodo.com,AB+866,,,,,,,,,,,,,,,,,,,,,,,,,,,,,,,,,,,,,,
ashwin++867@mailmodo.com,AB+867,,,,,,,,,,,,,,,,,,,,,,,,,,,,,,,,,,,,,,
ashwin++868@mailmodo.com,AB+868,,,,,,,,,,,,,,,,,,,,,,,,,,,,,,,,,,,,,,
ashwin++869@mailmodo.com,AB+869,,,,,,,,,,,,,,,,,,,,,,,,,,,,,,,,,,,,,,
ashwin++870@mailmodo.com,AB+870,,,,,,,,,,,,,,,,,,,,,,,,,,,,,,,,,,,,,,
ashwin++871@mailmodo.com,AB+871,,,,,,,,,,,,,,,,,,,,,,,,,,,,,,,,,,,,,,
ashwin++872@mailmodo.com,AB+872,,,,,,,,,,,,,,,,,,,,,,,,,,,,,,,,,,,,,,
ashwin++873@mailmodo.com,AB+873,,,,,,,,,,,,,,,,,,,,,,,,,,,,,,,,,,,,,,
ashwin++874@mailmodo.com,AB+874,,,,,,,,,,,,,,,,,,,,,,,,,,,,,,,,,,,,,,
ashwin++875@mailmodo.com,AB+875,,,,,,,,,,,,,,,,,,,,,,,,,,,,,,,,,,,,,,
ashwin++876@mailmodo.com,AB+876,,,,,,,,,,,,,,,,,,,,,,,,,,,,,,,,,,,,,,
ashwin++877@mailmodo.com,AB+877,,,,,,,,,,,,,,,,,,,,,,,,,,,,,,,,,,,,,,
ashwin++878@mailmodo.com,AB+878,,,,,,,,,,,,,,,,,,,,,,,,,,,,,,,,,,,,,,
ashwin++879@mailmodo.com,AB+879,,,,,,,,,,,,,,,,,,,,,,,,,,,,,,,,,,,,,,
ashwin++880@mailmodo.com,AB+880,,,,,,,,,,,,,,,,,,,,,,,,,,,,,,,,,,,,,,
ashwin++881@mailmodo.com,AB+881,,,,,,,,,,,,,,,,,,,,,,,,,,,,,,,,,,,,,,
ashwin++882@mailmodo.com,AB+882,,,,,,,,,,,,,,,,,,,,,,,,,,,,,,,,,,,,,,
ashwin++883@mailmodo.com,AB+883,,,,,,,,,,,,,,,,,,,,,,,,,,,,,,,,,,,,,,
ashwin++884@mailmodo.com,AB+884,,,,,,,,,,,,,,,,,,,,,,,,,,,,,,,,,,,,,,
ashwin++885@mailmodo.com,AB+885,,,,,,,,,,,,,,,,,,,,,,,,,,,,,,,,,,,,,,
ashwin++886@mailmodo.com,AB+886,,,,,,,,,,,,,,,,,,,,,,,,,,,,,,,,,,,,,,
ashwin++887@mailmodo.com,AB+887,,,,,,,,,,,,,,,,,,,,,,,,,,,,,,,,,,,,,,
ashwin++888@mailmodo.com,AB+888,,,,,,,,,,,,,,,,,,,,,,,,,,,,,,,,,,,,,,
ashwin++889@mailmodo.com,AB+889,,,,,,,,,,,,,,,,,,,,,,,,,,,,,,,,,,,,,,
ashwin++890@mailmodo.com,AB+890,,,,,,,,,,,,,,,,,,,,,,,,,,,,,,,,,,,,,,
ashwin++891@mailmodo.com,AB+891,,,,,,,,,,,,,,,,,,,,,,,,,,,,,,,,,,,,,,
ashwin++892@mailmodo.com,AB+892,,,,,,,,,,,,,,,,,,,,,,,,,,,,,,,,,,,,,,
ashwin++893@mailmodo.com,AB+893,,,,,,,,,,,,,,,,,,,,,,,,,,,,,,,,,,,,,,
ashwin++894@mailmodo.com,AB+894,,,,,,,,,,,,,,,,,,,,,,,,,,,,,,,,,,,,,,
ashwin++895@mailmodo.com,AB+895,,,,,,,,,,,,,,,,,,,,,,,,,,,,,,,,,,,,,,
ashwin++896@mailmodo.com,AB+896,,,,,,,,,,,,,,,,,,,,,,,,,,,,,,,,,,,,,,
ashwin++897@mailmodo.com,AB+897,,,,,,,,,,,,,,,,,,,,,,,,,,,,,,,,,,,,,,
ashwin++898@mailmodo.com,AB+898,,,,,,,,,,,,,,,,,,,,,,,,,,,,,,,,,,,,,,
ashwin++899@mailmodo.com,AB+899,,,,,,,,,,,,,,,,,,,,,,,,,,,,,,,,,,,,,,
ashwin++900@mailmodo.com,AB+900,,,,,,,,,,,,,,,,,,,,,,,,,,,,,,,,,,,,,,
ashwin++901@mailmodo.com,AB+901,,,,,,,,,,,,,,,,,,,,,,,,,,,,,,,,,,,,,,
ashwin++902@mailmodo.com,AB+902,,,,,,,,,,,,,,,,,,,,,,,,,,,,,,,,,,,,,,
ashwin++903@mailmodo.com,AB+903,,,,,,,,,,,,,,,,,,,,,,,,,,,,,,,,,,,,,,
ashwin++904@mailmodo.com,AB+904,,,,,,,,,,,,,,,,,,,,,,,,,,,,,,,,,,,,,,
ashwin++905@mailmodo.com,AB+905,,,,,,,,,,,,,,,,,,,,,,,,,,,,,,,,,,,,,,
ashwin++906@mailmodo.com,AB+906,,,,,,,,,,,,,,,,,,,,,,,,,,,,,,,,,,,,,,
ashwin++907@mailmodo.com,AB+907,,,,,,,,,,,,,,,,,,,,,,,,,,,,,,,,,,,,,,
ashwin++908@mailmodo.com,AB+908,,,,,,,,,,,,,,,,,,,,,,,,,,,,,,,,,,,,,,
ashwin++909@mailmodo.com,AB+909,,,,,,,,,,,,,,,,,,,,,,,,,,,,,,,,,,,,,,
ashwin++910@mailmodo.com,AB+910,,,,,,,,,,,,,,,,,,,,,,,,,,,,,,,,,,,,,,
ashwin++911@mailmodo.com,AB+911,,,,,,,,,,,,,,,,,,,,,,,,,,,,,,,,,,,,,,
ashwin++912@mailmodo.com,AB+912,,,,,,,,,,,,,,,,,,,,,,,,,,,,,,,,,,,,,,
ashwin++913@mailmodo.com,AB+913,,,,,,,,,,,,,,,,,,,,,,,,,,,,,,,,,,,,,,
ashwin++914@mailmodo.com,AB+914,,,,,,,,,,,,,,,,,,,,,,,,,,,,,,,,,,,,,,
ashwin++915@mailmodo.com,AB+915,,,,,,,,,,,,,,,,,,,,,,,,,,,,,,,,,,,,,,
ashwin++916@mailmodo.com,AB+916,,,,,,,,,,,,,,,,,,,,,,,,,,,,,,,,,,,,,,
ashwin++917@mailmodo.com,AB+917,,,,,,,,,,,,,,,,,,,,,,,,,,,,,,,,,,,,,,
ashwin++918@mailmodo.com,AB+918,,,,,,,,,,,,,,,,,,,,,,,,,,,,,,,,,,,,,,
ashwin++919@mailmodo.com,AB+919,,,,,,,,,,,,,,,,,,,,,,,,,,,,,,,,,,,,,,
ashwin++920@mailmodo.com,AB+920,,,,,,,,,,,,,,,,,,,,,,,,,,,,,,,,,,,,,,
ashwin++921@mailmodo.com,AB+921,,,,,,,,,,,,,,,,,,,,,,,,,,,,,,,,,,,,,,
ashwin++922@mailmodo.com,AB+922,,,,,,,,,,,,,,,,,,,,,,,,,,,,,,,,,,,,,,
ashwin++923@mailmodo.com,AB+923,,,,,,,,,,,,,,,,,,,,,,,,,,,,,,,,,,,,,,
ashwin++924@mailmodo.com,AB+924,,,,,,,,,,,,,,,,,,,,,,,,,,,,,,,,,,,,,,
ashwin++925@mailmodo.com,AB+925,,,,,,,,,,,,,,,,,,,,,,,,,,,,,,,,,,,,,,
ashwin++926@mailmodo.com,AB+926,,,,,,,,,,,,,,,,,,,,,,,,,,,,,,,,,,,,,,
ashwin++927@mailmodo.com,AB+927,,,,,,,,,,,,,,,,,,,,,,,,,,,,,,,,,,,,,,
ashwin++928@mailmodo.com,AB+928,,,,,,,,,,,,,,,,,,,,,,,,,,,,,,,,,,,,,,
ashwin++929@mailmodo.com,AB+929,,,,,,,,,,,,,,,,,,,,,,,,,,,,,,,,,,,,,,
ashwin++930@mailmodo.com,AB+930,,,,,,,,,,,,,,,,,,,,,,,,,,,,,,,,,,,,,,
ashwin++931@mailmodo.com,AB+931,,,,,,,,,,,,,,,,,,,,,,,,,,,,,,,,,,,,,,
ashwin++932@mailmodo.com,AB+932,,,,,,,,,,,,,,,,,,,,,,,,,,,,,,,,,,,,,,
ashwin++933@mailmodo.com,AB+933,,,,,,,,,,,,,,,,,,,,,,,,,,,,,,,,,,,,,,
ashwin++934@mailmodo.com,AB+934,,,,,,,,,,,,,,,,,,,,,,,,,,,,,,,,,,,,,,
ashwin++935@mailmodo.com,AB+935,,,,,,,,,,,,,,,,,,,,,,,,,,,,,,,,,,,,,,
ashwin++936@mailmodo.com,AB+936,,,,,,,,,,,,,,,,,,,,,,,,,,,,,,,,,,,,,,
ashwin++937@mailmodo.com,AB+937,,,,,,,,,,,,,,,,,,,,,,,,,,,,,,,,,,,,,,
ashwin++938@mailmodo.com,AB+938,,,,,,,,,,,,,,,,,,,,,,,,,,,,,,,,,,,,,,
ashwin++939@mailmodo.com,AB+939,,,,,,,,,,,,,,,,,,,,,,,,,,,,,,,,,,,,,,
ashwin++940@mailmodo.com,AB+940,,,,,,,,,,,,,,,,,,,,,,,,,,,,,,,,,,,,,,
ashwin++941@mailmodo.com,AB+941,,,,,,,,,,,,,,,,,,,,,,,,,,,,,,,,,,,,,,
ashwin++942@mailmodo.com,AB+942,,,,,,,,,,,,,,,,,,,,,,,,,,,,,,,,,,,,,,
ashwin++943@mailmodo.com,AB+943,,,,,,,,,,,,,,,,,,,,,,,,,,,,,,,,,,,,,,
ashwin++944@mailmodo.com,AB+944,,,,,,,,,,,,,,,,,,,,,,,,,,,,,,,,,,,,,,
ashwin++945@mailmodo.com,AB+945,,,,,,,,,,,,,,,,,,,,,,,,,,,,,,,,,,,,,,
ashwin++946@mailmodo.com,AB+946,,,,,,,,,,,,,,,,,,,,,,,,,,,,,,,,,,,,,,
ashwin++947@mailmodo.com,AB+947,,,,,,,,,,,,,,,,,,,,,,,,,,,,,,,,,,,,,,
ashwin++948@mailmodo.com,AB+948,,,,,,,,,,,,,,,,,,,,,,,,,,,,,,,,,,,,,,
ashwin++949@mailmodo.com,AB+949,,,,,,,,,,,,,,,,,,,,,,,,,,,,,,,,,,,,,,
ashwin++950@mailmodo.com,AB+950,,,,,,,,,,,,,,,,,,,,,,,,,,,,,,,,,,,,,,
ashwin++951@mailmodo.com,AB+951,,,,,,,,,,,,,,,,,,,,,,,,,,,,,,,,,,,,,,
ashwin++952@mailmodo.com,AB+952,,,,,,,,,,,,,,,,,,,,,,,,,,,,,,,,,,,,,,
ashwin++953@mailmodo.com,AB+953,,,,,,,,,,,,,,,,,,,,,,,,,,,,,,,,,,,,,,
ashwin++954@mailmodo.com,AB+954,,,,,,,,,,,,,,,,,,,,,,,,,,,,,,,,,,,,,,
ashwin++955@mailmodo.com,AB+955,,,,,,,,,,,,,,,,,,,,,,,,,,,,,,,,,,,,,,
ashwin++956@mailmodo.com,AB+956,,,,,,,,,,,,,,,,,,,,,,,,,,,,,,,,,,,,,,
ashwin++957@mailmodo.com,AB+957,,,,,,,,,,,,,,,,,,,,,,,,,,,,,,,,,,,,,,
ashwin++958@mailmodo.com,AB+958,,,,,,,,,,,,,,,,,,,,,,,,,,,,,,,,,,,,,,
ashwin++959@mailmodo.com,AB+959,,,,,,,,,,,,,,,,,,,,,,,,,,,,,,,,,,,,,,
ashwin++960@mailmodo.com,AB+960,,,,,,,,,,,,,,,,,,,,,,,,,,,,,,,,,,,,,,
ashwin++961@mailmodo.com,AB+961,,,,,,,,,,,,,,,,,,,,,,,,,,,,,,,,,,,,,,
ashwin++962@mailmodo.com,AB+962,,,,,,,,,,,,,,,,,,,,,,,,,,,,,,,,,,,,,,
ashwin++963@mailmodo.com,AB+963,,,,,,,,,,,,,,,,,,,,,,,,,,,,,,,,,,,,,,
ashwin++964@mailmodo.com,AB+964,,,,,,,,,,,,,,,,,,,,,,,,,,,,,,,,,,,,,,
ashwin++965@mailmodo.com,AB+965,,,,,,,,,,,,,,,,,,,,,,,,,,,,,,,,,,,,,,
ashwin++966@mailmodo.com,AB+966,,,,,,,,,,,,,,,,,,,,,,,,,,,,,,,,,,,,,,
ashwin++967@mailmodo.com,AB+967,,,,,,,,,,,,,,,,,,,,,,,,,,,,,,,,,,,,,,
ashwin++968@mailmodo.com,AB+968,,,,,,,,,,,,,,,,,,,,,,,,,,,,,,,,,,,,,,
ashwin++969@mailmodo.com,AB+969,,,,,,,,,,,,,,,,,,,,,,,,,,,,,,,,,,,,,,
ashwin++970@mailmodo.com,AB+970,,,,,,,,,,,,,,,,,,,,,,,,,,,,,,,,,,,,,,
ashwin++971@mailmodo.com,AB+971,,,,,,,,,,,,,,,,,,,,,,,,,,,,,,,,,,,,,,
ashwin++972@mailmodo.com,AB+972,,,,,,,,,,,,,,,,,,,,,,,,,,,,,,,,,,,,,,
ashwin++973@mailmodo.com,AB+973,,,,,,,,,,,,,,,,,,,,,,,,,,,,,,,,,,,,,,
ashwin++974@mailmodo.com,AB+974,,,,,,,,,,,,,,,,,,,,,,,,,,,,,,,,,,,,,,
ashwin++975@mailmodo.com,AB+975,,,,,,,,,,,,,,,,,,,,,,,,,,,,,,,,,,,,,,
ashwin++976@mailmodo.com,AB+976,,,,,,,,,,,,,,,,,,,,,,,,,,,,,,,,,,,,,,
ashwin++977@mailmodo.com,AB+977,,,,,,,,,,,,,,,,,,,,,,,,,,,,,,,,,,,,,,
ashwin++978@mailmodo.com,AB+978,,,,,,,,,,,,,,,,,,,,,,,,,,,,,,,,,,,,,,
ashwin++979@mailmodo.com,AB+979,,,,,,,,,,,,,,,,,,,,,,,,,,,,,,,,,,,,,,
ashwin++980@mailmodo.com,AB+980,,,,,,,,,,,,,,,,,,,,,,,,,,,,,,,,,,,,,,
ashwin++981@mailmodo.com,AB+981,,,,,,,,,,,,,,,,,,,,,,,,,,,,,,,,,,,,,,
ashwin++982@mailmodo.com,AB+982,,,,,,,,,,,,,,,,,,,,,,,,,,,,,,,,,,,,,,
ashwin++983@mailmodo.com,AB+983,,,,,,,,,,,,,,,,,,,,,,,,,,,,,,,,,,,,,,
ashwin++984@mailmodo.com,AB+984,,,,,,,,,,,,,,,,,,,,,,,,,,,,,,,,,,,,,,
ashwin++985@mailmodo.com,AB+985,,,,,,,,,,,,,,,,,,,,,,,,,,,,,,,,,,,,,,
ashwin++986@mailmodo.com,AB+986,,,,,,,,,,,,,,,,,,,,,,,,,,,,,,,,,,,,,,
ashwin++987@mailmodo.com,AB+987,,,,,,,,,,,,,,,,,,,,,,,,,,,,,,,,,,,,,,
ashwin++988@mailmodo.com,AB+988,,,,,,,,,,,,,,,,,,,,,,,,,,,,,,,,,,,,,,
ashwin++989@mailmodo.com,AB+989,,,,,,,,,,,,,,,,,,,,,,,,,,,,,,,,,,,,,,
ashwin++990@mailmodo.com,AB+990,,,,,,,,,,,,,,,,,,,,,,,,,,,,,,,,,,,,,,
ashwin++991@mailmodo.com,AB+991,,,,,,,,,,,,,,,,,,,,,,,,,,,,,,,,,,,,,,
ashwin++992@mailmodo.com,AB+992,,,,,,,,,,,,,,,,,,,,,,,,,,,,,,,,,,,,,,
